CustomerID,Age,AveragePurchaseValue,PurchaseFrequency,Cluster
100001,33,42.51,5,3
100002,49,241.17,7,1
100003,60,195.24,11,2
100004,31,41.28,1,3
100005,37,45.83,15,2
100006,55,119.1,8,2
100007,36,62.06,2,3
100008,42,159.53,2,1
100009,34,43.68,4,3
100010,43,271.52,3,1
100011,26,38.52,2,3
100012,41,27.61,6,3
100013,18,43.98,2,3
100014,61,202.51,17,2
100015,41,264.73,3,1
100016,39,126.02,9,3
100017,45,54.07,3,3
100018,51,111.65,8,2
100019,45,55.56,8,3
100020,27,46.54,3,3
100021,35,40.93,6,3
100022,68,149.87,14,2
100023,59,219.74,15,2
100024,56,196.23,18,2
100025,41,316.88,2,1
100026,57,170.36,16,2
100027,24,62.11,2,3
100028,23,42.06,5,3
100029,53,177.62,14,2
100030,57,258.82,1,1
100031,50,171.62,14,2
100032,24,49.1,7,3
100033,27,47.3,3,3
100034,54,114.11,9,2
100035,44,122.68,13,2
100036,46,299.53,2,1
100037,34,62.26,4,3
100038,51,95.35,14,2
100039,54,249.71,3,1
100040,25,42.77,8,3
100041,55,315.37,5,1
100042,33,41.69,1,3
100043,56,104.92,10,2
100044,41,172.6,21,2
100045,27,24.7,5,3
100046,42,76.65,5,3
100047,51,186.81,4,1
100048,23,34.01,6,3
100049,34,30.48,5,3
100050,55,207.89,8,1
100051,40,118.8,5,3
100052,40,57.47,4,3
100053,39,27.73,2,3
100054,49,197.68,11,2
100055,53,220.94,10,2
100056,45,270.46,2,1
100057,48,150.74,6,1
100058,24,24.57,5,3
100059,36,38.1,5,3
100060,38,123.54,8,3
100061,27,49.3,2,3
100062,41,47.32,5,3
100063,41,68.06,5,3
100064,53,222.74,11,2
100065,51,138.95,11,2
100066,21,41.35,5,3
100067,50,167.63,12,2
100068,44,150.59,19,2
100069,25,42.36,3,3
100070,35,107.36,9,3
100071,45,125.92,6,3
100072,31,46.81,4,3
100073,54,293.67,7,1
100074,52,383.48,4,1
100075,47,353.83,4,1
100076,48,170.83,9,2
100077,56,165.9,8,2
100078,42,145.07,6,3
100079,58,151.2,11,2
100080,57,396.86,8,1
100081,39,138.81,4,3
100082,43,205.27,3,1
100083,68,147.28,15,2
100084,48,332.43,1,1
100085,33,35.23,6,3
100086,35,38.11,3,3
100087,42,32.96,3,3
100088,46,146.71,13,2
100089,50,340.66,3,1
100090,43,97.15,9,3
100091,44,125.74,8,3
100092,51,197.73,6,1
100093,18,36.32,4,3
100094,46,116.54,12,2
100095,28,100.45,7,3
100096,31,119.78,3,3
100097,40,112.36,7,3
100098,35,43.22,5,3
100099,46,257.57,3,1
100100,27,39.5,7,3
100101,35,37.86,2,3
100102,42,85.77,5,3
100103,53,203.55,15,2
100104,50,235.2,3,1
100105,28,31.39,6,3
100106,50,151.45,2,1
100107,33,52.75,2,3
100108,35,123.68,6,3
100109,49,59.56,9,2
100110,42,203.59,3,1
100111,45,81.34,6,3
100112,52,247.32,4,1
100113,56,217.13,12,2
100114,58,154.3,12,2
100115,55,277.7,7,1
100116,45,259.57,6,1
100117,46,308.02,4,1
100118,37,33.4,7,3
100119,53,146.49,18,2
100120,59,275.34,7,1
100121,27,52.23,3,3
100122,24,61.34,2,3
100123,41,286.87,5,1
100124,58,214.62,13,2
100125,34,141.23,8,3
100126,20,49.35,5,3
100127,52,193.94,10,2
100128,48,83.99,5,3
100129,59,221.54,19,2
100130,54,178.27,3,1
100131,22,49.67,6,3
100132,56,112.52,15,2
100133,31,47.68,10,3
100134,27,34.96,5,3
100135,36,222.49,2,1
100136,52,123.7,5,1
100137,35,52.7,2,3
100138,27,44.04,2,3
100139,45,127.96,3,3
100140,36,73.76,3,3
100141,24,36.14,6,3
100142,31,123.81,6,3
100143,27,56.44,3,3
100144,33,45.53,4,3
100145,47,170.98,13,2
100146,30,41.32,4,3
100147,54,319.39,5,1
100148,50,347.94,5,1
100149,24,40.21,8,3
100150,32,57.93,2,3
100151,46,216.7,7,1
100152,45,168.83,7,1
100153,35,390.02,3,1
100154,52,288.59,6,1
100155,51,178.34,8,2
100156,41,149.21,6,3
100157,39,45.9,5,3
100158,51,205.63,4,1
100159,32,47.93,5,3
100160,33,45.0,2,3
100161,41,255.03,7,1
100162,37,135.29,7,3
100163,36,44.95,3,3
100164,42,228.42,3,1
100165,41,118.53,3,3
100166,24,63.02,3,3
100167,41,109.46,10,2
100168,52,139.84,6,1
100169,68,205.18,10,2
100170,44,204.87,4,1
100171,52,129.26,5,1
100172,34,91.6,8,3
100173,56,170.6,16,2
100174,57,313.22,4,1
100175,33,50.85,3,3
100176,27,37.78,4,3
100177,55,237.89,11,2
100178,36,69.92,3,3
100179,29,65.72,3,3
100180,39,93.99,5,3
100181,36,42.11,1,3
100182,43,49.97,9,3
100183,69,208.42,20,2
100184,46,288.33,4,1
100185,51,212.71,5,1
100186,44,228.9,8,1
100187,45,276.41,4,1
100188,44,285.97,2,1
100189,39,307.12,5,1
100190,49,81.99,3,3
100191,53,181.84,16,2
100192,48,225.06,15,2
100193,29,33.4,5,3
100194,43,108.8,6,3
100195,45,220.84,9,1
100196,39,129.47,6,3
100197,52,150.76,5,1
100198,44,285.14,6,1
100199,55,118.81,15,2
100200,31,39.87,3,3
100201,36,44.39,6,3
100202,63,251.05,2,1
100203,50,316.95,4,1
100204,52,81.07,3,3
100205,52,134.18,3,1
100206,41,115.54,6,3
100207,36,138.89,6,3
100208,35,72.18,6,3
100209,37,61.26,9,3
100210,44,202.32,6,1
100211,49,155.23,14,2
100212,48,222.6,14,2
100213,43,124.8,13,2
100214,31,42.66,6,3
100215,32,110.64,8,3
100216,23,43.11,5,3
100217,36,238.26,7,1
100218,28,32.88,5,3
100219,57,218.6,18,2
100220,30,43.38,4,3
100221,27,39.35,4,3
100222,52,258.86,6,1
100223,28,23.74,5,3
100224,42,119.97,7,3
100225,43,140.74,6,3
100226,58,244.48,7,1
100227,37,121.28,6,3
100228,47,97.25,3,3
100229,30,42.15,6,3
100230,59,262.63,5,1
100231,28,44.52,4,3
100232,46,285.73,4,1
100233,46,117.31,10,2
100234,61,223.8,10,2
100235,57,232.36,10,2
100236,25,46.75,3,3
100237,48,260.3,3,1
100238,42,116.23,10,2
100239,48,251.13,5,1
100240,34,81.44,10,3
100241,40,241.82,12,2
100242,53,150.53,3,1
100243,53,213.28,4,1
100244,30,45.32,5,3
100245,40,41.69,2,3
100246,40,120.62,6,3
100247,55,160.24,13,2
100248,50,240.13,2,1
100249,21,55.58,5,3
100250,27,31.87,6,3
100251,20,19.59,1,3
100252,29,51.37,4,3
100253,21,53.06,6,3
100254,42,180.5,13,2
100255,28,34.14,4,3
100256,40,43.39,6,3
100257,37,156.29,4,3
100258,47,94.79,6,3
100259,23,41.09,5,3
100260,36,131.21,5,3
100261,41,158.48,9,2
100262,46,175.6,7,1
100263,47,198.66,15,2
100264,31,128.94,5,3
100265,39,123.61,7,3
100266,57,183.54,10,2
100267,47,103.92,7,3
100268,18,60.58,4,3
100269,50,92.73,5,3
100270,43,160.76,4,1
100271,39,132.17,14,2
100272,56,85.02,7,2
100273,21,60.2,5,3
100274,32,47.26,4,3
100275,43,221.16,8,1
100276,62,166.74,9,2
100277,55,268.07,4,1
100278,33,51.37,2,3
100279,35,36.55,3,3
100280,55,187.01,17,2
100281,50,158.68,6,1
100282,37,55.95,4,3
100283,55,218.75,12,2
100284,54,226.49,3,1
100285,61,338.5,3,1
100286,52,199.52,1,1
100287,32,155.0,10,3
100288,51,152.1,9,2
100289,34,36.65,2,3
100290,43,254.97,2,1
100291,45,71.87,6,3
100292,32,30.51,2,3
100293,34,129.26,9,3
100294,24,58.24,3,3
100295,37,48.09,4,3
100296,45,147.19,2,1
100297,55,127.11,14,2
100298,31,47.31,7,3
100299,36,204.19,18,2
100300,49,255.81,3,1
100301,62,96.05,7,2
100302,45,199.46,12,2
100303,64,147.76,18,2
100304,61,223.38,13,2
100305,27,63.19,4,3
100306,45,78.74,7,3
100307,29,29.34,2,3
100308,46,286.32,4,1
100309,45,45.71,3,3
100310,51,127.63,8,2
100311,18,38.08,3,3
100312,67,127.92,14,2
100313,38,356.23,7,1
100314,59,163.32,7,2
100315,45,163.95,5,1
100316,35,49.5,4,3
100317,44,248.76,6,1
100318,31,42.57,7,3
100319,48,226.53,3,1
100320,56,214.18,13,2
100321,28,48.25,5,3
100322,40,237.56,1,1
100323,34,337.4,5,1
100324,56,182.53,12,2
100325,38,140.9,7,3
100326,55,253.81,2,1
100327,32,286.85,3,1
100328,31,342.08,3,1
100329,45,220.93,2,1
100330,30,31.46,4,3
100331,54,168.01,4,1
100332,29,50.33,3,3
100333,50,33.33,4,3
100334,42,77.9,4,3
100335,40,121.34,7,3
100336,50,132.86,9,2
100337,37,39.76,7,3
100338,32,46.51,4,3
100339,37,203.31,6,1
100340,46,296.6,3,1
100341,47,130.46,4,1
100342,55,209.02,11,2
100343,33,64.55,8,3
100344,29,59.96,5,3
100345,49,86.64,6,3
100346,56,180.73,12,2
100347,44,142.17,13,2
100348,24,43.47,4,3
100349,44,276.66,6,1
100350,53,90.69,10,2
100351,41,82.83,6,3
100352,59,344.28,3,1
100353,26,29.44,6,3
100354,37,246.29,5,1
100355,51,189.56,22,2
100356,29,44.34,2,3
100357,54,247.76,3,1
100358,57,206.14,5,1
100359,58,100.07,7,2
100360,53,128.16,10,2
100361,40,41.75,7,3
100362,60,125.31,13,2
100363,21,37.45,4,3
100364,32,52.43,4,3
100365,37,100.93,8,3
100366,53,204.55,7,1
100367,23,33.99,2,3
100368,36,97.73,11,3
100369,40,93.66,4,3
100370,37,117.09,6,3
100371,48,340.03,6,1
100372,32,53.55,3,3
100373,34,66.18,6,3
100374,39,90.82,11,2
100375,37,100.9,6,3
100376,27,104.72,3,3
100377,49,201.8,12,2
100378,61,246.29,6,1
100379,45,314.59,3,1
100380,53,184.03,21,2
100381,53,131.99,11,2
100382,49,208.66,5,1
100383,32,34.58,5,3
100384,62,173.9,12,2
100385,33,128.74,9,3
100386,44,345.24,2,1
100387,28,56.94,3,3
100388,46,90.71,8,3
100389,24,62.15,3,3
100390,54,186.4,9,2
100391,39,164.59,3,3
100392,49,235.83,2,1
100393,55,172.82,8,2
100394,47,225.51,5,1
100395,67,127.59,10,2
100396,48,354.8,4,1
100397,42,271.71,7,1
100398,54,193.94,13,2
100399,43,71.55,7,3
100400,60,124.06,12,2
100401,60,165.21,17,2
100402,50,256.81,5,1
100403,26,59.57,5,3
100404,32,43.54,4,3
100405,58,298.0,3,1
100406,47,175.03,4,1
100407,48,237.15,4,1
100408,48,212.34,2,1
100409,36,92.28,7,3
100410,23,51.31,3,3
100411,48,196.02,11,2
100412,50,89.77,7,2
100413,41,104.83,3,3
100414,47,200.22,14,2
100415,36,61.0,6,3
100416,33,103.88,7,3
100417,32,45.66,5,3
100418,49,343.87,6,1
100419,44,96.7,9,2
100420,55,175.56,10,2
100421,26,99.37,9,3
100422,43,107.2,9,2
100423,26,46.75,3,3
100424,23,62.1,4,3
100425,53,178.5,15,2
100426,53,300.78,4,1
100427,45,340.73,3,1
100428,36,109.07,6,3
100429,58,119.0,13,2
100430,35,287.75,5,1
100431,56,324.84,2,1
100432,22,57.87,6,3
100433,65,133.09,14,2
100434,39,74.06,7,3
100435,59,194.13,13,2
100436,32,34.26,7,3
100437,28,45.52,2,3
100438,46,242.1,7,1
100439,60,219.96,8,1
100440,28,49.35,3,3
100441,53,189.36,14,2
100442,31,45.9,3,3
100443,30,59.61,4,3
100444,36,32.25,4,3
100445,59,105.09,12,2
100446,33,55.03,5,3
100447,40,110.57,11,2
100448,41,142.06,11,2
100449,44,103.85,4,3
100450,22,51.03,3,3
100451,30,41.21,1,3
100452,38,54.93,3,3
100453,33,36.31,4,3
100454,25,48.65,3,3
100455,18,56.6,4,3
100456,35,124.36,8,3
100457,56,330.52,8,1
100458,58,142.65,9,2
100459,34,92.45,5,3
100460,58,245.27,16,2
100461,20,48.82,5,3
100462,34,39.15,6,3
100463,40,119.03,9,3
100464,59,236.27,15,2
100465,52,156.49,7,1
100466,51,171.18,24,2
100467,29,36.45,3,3
100468,45,289.1,3,1
100469,53,190.51,11,2
100470,34,47.4,2,3
100471,59,167.94,12,2
100472,49,231.88,9,1
100473,40,147.56,8,3
100474,35,183.87,5,3
100475,36,154.44,2,3
100476,56,281.81,2,1
100477,43,153.79,6,1
100478,42,109.44,6,3
100479,50,133.41,6,1
100480,18,49.24,2,3
100481,42,129.95,8,3
100482,44,143.55,12,2
100483,55,237.06,10,2
100484,33,230.62,2,1
100485,27,49.75,3,3
100486,48,98.33,7,3
100487,44,266.8,3,1
100488,44,201.62,12,2
100489,56,231.76,12,2
100490,53,100.03,7,2
100491,63,213.33,2,1
100492,33,53.38,2,3
100493,33,56.79,3,3
100494,31,133.41,7,3
100495,49,105.85,7,2
100496,28,44.07,1,3
100497,52,272.1,9,1
100498,32,63.58,3,3
100499,26,45.3,5,3
100500,47,325.22,4,1
100501,43,111.29,7,3
100502,48,100.86,6,3
100503,42,112.09,14,2
100504,20,53.2,2,3
100505,33,32.93,5,3
100506,46,222.82,16,2
100507,57,233.95,12,2
100508,40,99.18,6,3
100509,55,117.38,12,2
100510,38,58.47,6,3
100511,66,212.94,1,1
100512,29,96.43,6,3
100513,47,329.06,4,1
100514,35,307.31,4,1
100515,44,210.58,7,1
100516,44,54.8,3,3
100517,31,27.6,8,3
100518,52,333.61,5,1
100519,26,50.77,6,3
100520,75,169.45,13,2
100521,39,215.22,15,2
100522,35,66.08,2,3
100523,33,34.04,4,3
100524,31,38.36,6,3
100525,35,42.78,7,3
100526,52,208.56,14,2
100527,45,330.81,5,1
100528,41,108.92,8,3
100529,51,72.26,13,2
100530,20,48.12,6,3
100531,42,282.25,6,1
100532,45,107.0,9,2
100533,41,111.46,4,3
100534,56,158.56,3,1
100535,47,233.44,6,1
100536,53,203.02,11,2
100537,44,124.87,5,3
100538,43,117.91,4,3
100539,25,48.01,6,3
100540,53,215.89,5,1
100541,54,239.08,8,1
100542,29,40.33,7,3
100543,55,203.21,4,1
100544,23,47.17,7,3
100545,52,206.01,15,2
100546,33,42.64,6,3
100547,47,124.96,6,3
100548,34,41.76,3,3
100549,49,217.08,9,2
100550,56,342.77,5,1
100551,60,342.14,5,1
100552,49,279.44,5,1
100553,29,48.13,3,3
100554,50,139.93,3,1
100555,36,335.97,5,1
100556,41,94.91,12,2
100557,38,59.47,2,3
100558,52,132.17,2,1
100559,45,327.44,4,1
100560,42,85.89,4,3
100561,37,39.15,3,3
100562,59,169.99,9,2
100563,57,166.97,10,2
100564,58,243.58,17,2
100565,53,261.73,5,1
100566,54,95.49,5,1
100567,62,117.21,10,2
100568,40,119.95,8,3
100569,46,256.38,1,1
100570,58,167.99,13,2
100571,24,34.48,7,3
100572,51,200.97,4,1
100573,61,181.6,10,2
100574,51,116.06,9,2
100575,25,58.93,4,3
100576,33,117.91,3,3
100577,48,349.56,5,1
100578,23,22.32,6,3
100579,32,101.59,5,3
100580,36,88.2,6,3
100581,52,254.98,3,1
100582,61,265.16,3,1
100583,42,256.86,14,2
100584,42,280.53,6,1
100585,49,120.35,6,1
100586,27,56.66,2,3
100587,24,47.6,1,3
100588,47,295.7,6,1
100589,30,48.48,2,3
100590,53,280.91,2,1
100591,47,375.58,5,1
100592,45,66.25,5,3
100593,49,220.53,6,1
100594,31,29.81,4,3
100595,29,48.34,2,3
100596,22,48.38,3,3
100597,23,47.61,4,3
100598,38,128.24,8,3
100599,55,333.59,3,1
100600,28,54.18,3,3
