CustomerID,Age,AveragePurchaseValue,PurchaseFrequency
100001,33,42.51,5
100002,49,241.17,7
100003,60,195.24,11
100004,31,41.28,1
100005,37,45.83,15
100006,55,119.1,8
100007,36,62.06,2
100008,42,159.53,2
100009,34,43.68,4
100010,43,271.52,3
100011,26,38.52,2
100012,41,27.61,6
100013,18,43.98,2
100014,61,202.51,17
100015,41,264.73,3
100016,39,126.02,9
100017,45,54.07,3
100018,51,111.65,8
100019,45,55.56,8
100020,27,46.54,3
100021,35,40.93,6
100022,68,149.87,14
100023,59,219.74,15
100024,56,196.23,18
100025,41,316.88,2
100026,57,170.36,16
100027,24,62.11,2
100028,23,42.06,5
100029,53,177.62,14
100030,57,258.82,1
100031,50,171.62,14
100032,24,49.1,7
100033,27,47.3,3
100034,54,114.11,9
100035,44,122.68,13
100036,46,299.53,2
100037,34,62.26,4
100038,51,95.35,14
100039,54,249.71,3
100040,25,42.77,8
100041,55,315.37,5
100042,33,41.69,1
100043,56,104.92,10
100044,41,172.6,21
100045,27,24.7,5
100046,42,76.65,5
100047,51,186.81,4
100048,23,34.01,6
100049,34,30.48,5
100050,55,207.89,8
100051,40,118.8,5
100052,40,57.47,4
100053,39,27.73,2
100054,49,197.68,11
100055,53,220.94,10
100056,45,270.46,2
100057,48,150.74,6
100058,24,24.57,5
100059,36,38.1,5
100060,38,123.54,8
100061,27,49.3,2
100062,41,47.32,5
100063,41,68.06,5
100064,53,222.74,11
100065,51,138.95,11
100066,21,41.35,5
100067,50,167.63,12
100068,44,150.59,19
100069,25,42.36,3
100070,35,107.36,9
100071,45,125.92,6
100072,31,46.81,4
100073,54,293.67,7
100074,52,383.48,4
100075,47,353.83,4
100076,48,170.83,9
100077,56,165.9,8
100078,42,145.07,6
100079,58,151.2,11
100080,57,396.86,8
100081,39,138.81,4
100082,43,205.27,3
100083,68,147.28,15
100084,48,332.43,1
100085,33,35.23,6
100086,35,38.11,3
100087,42,32.96,3
100088,46,146.71,13
100089,50,340.66,3
100090,43,97.15,9
100091,44,125.74,8
100092,51,197.73,6
100093,18,36.32,4
100094,46,116.54,12
100095,28,100.45,7
100096,31,119.78,3
100097,40,112.36,7
100098,35,43.22,5
100099,46,257.57,3
100100,27,39.5,7
100101,35,37.86,2
100102,42,85.77,5
100103,53,203.55,15
100104,50,235.2,3
100105,28,31.39,6
100106,50,151.45,2
100107,33,52.75,2
100108,35,123.68,6
100109,49,59.56,9
100110,42,203.59,3
100111,45,81.34,6
100112,52,247.32,4
100113,56,217.13,12
100114,58,154.3,12
100115,55,277.7,7
100116,45,259.57,6
100117,46,308.02,4
100118,37,33.4,7
100119,53,146.49,18
100120,59,275.34,7
100121,27,52.23,3
100122,24,61.34,2
100123,41,286.87,5
100124,58,214.62,13
100125,34,141.23,8
100126,20,49.35,5
100127,52,193.94,10
100128,48,83.99,5
100129,59,221.54,19
100130,54,178.27,3
100131,22,49.67,6
100132,56,112.52,15
100133,31,47.68,10
100134,27,34.96,5
100135,36,222.49,2
100136,52,123.7,5
100137,35,52.7,2
100138,27,44.04,2
100139,45,127.96,3
100140,36,73.76,3
100141,24,36.14,6
100142,31,123.81,6
100143,27,56.44,3
100144,33,45.53,4
100145,47,170.98,13
100146,30,41.32,4
100147,54,319.39,5
100148,50,347.94,5
100149,24,40.21,8
100150,32,57.93,2
100151,46,216.7,7
100152,45,168.83,7
100153,35,390.02,3
100154,52,288.59,6
100155,51,178.34,8
100156,41,149.21,6
100157,39,45.9,5
100158,51,205.63,4
100159,32,47.93,5
100160,33,45.0,2
100161,41,255.03,7
100162,37,135.29,7
100163,36,44.95,3
100164,42,228.42,3
100165,41,118.53,3
100166,24,63.02,3
100167,41,109.46,10
100168,52,139.84,6
100169,68,205.18,10
100170,44,204.87,4
100171,52,129.26,5
100172,34,91.6,8
100173,56,170.6,16
100174,57,313.22,4
100175,33,50.85,3
100176,27,37.78,4
100177,55,237.89,11
100178,36,69.92,3
100179,29,65.72,3
100180,39,93.99,5
100181,36,42.11,1
100182,43,49.97,9
100183,69,208.42,20
100184,46,288.33,4
100185,51,212.71,5
100186,44,228.9,8
100187,45,276.41,4
100188,44,285.97,2
100189,39,307.12,5
100190,49,81.99,3
100191,53,181.84,16
100192,48,225.06,15
100193,29,33.4,5
100194,43,108.8,6
100195,45,220.84,9
100196,39,129.47,6
100197,52,150.76,5
100198,44,285.14,6
100199,55,118.81,15
100200,31,39.87,3
100201,36,44.39,6
100202,63,251.05,2
100203,50,316.95,4
100204,52,81.07,3
100205,52,134.18,3
100206,41,115.54,6
100207,36,138.89,6
100208,35,72.18,6
100209,37,61.26,9
100210,44,202.32,6
100211,49,155.23,14
100212,48,222.6,14
100213,43,124.8,13
100214,31,42.66,6
100215,32,110.64,8
100216,23,43.11,5
100217,36,238.26,7
100218,28,32.88,5
100219,57,218.6,18
100220,30,43.38,4
100221,27,39.35,4
100222,52,258.86,6
100223,28,23.74,5
100224,42,119.97,7
100225,43,140.74,6
100226,58,244.48,7
100227,37,121.28,6
100228,47,97.25,3
100229,30,42.15,6
100230,59,262.63,5
100231,28,44.52,4
100232,46,285.73,4
100233,46,117.31,10
100234,61,223.8,10
100235,57,232.36,10
100236,25,46.75,3
100237,48,260.3,3
100238,42,116.23,10
100239,48,251.13,5
100240,34,81.44,10
100241,40,241.82,12
100242,53,150.53,3
100243,53,213.28,4
100244,30,45.32,5
100245,40,41.69,2
100246,40,120.62,6
100247,55,160.24,13
100248,50,240.13,2
100249,21,55.58,5
100250,27,31.87,6
100251,20,19.59,1
100252,29,51.37,4
100253,21,53.06,6
100254,42,180.5,13
100255,28,34.14,4
100256,40,43.39,6
100257,37,156.29,4
100258,47,94.79,6
100259,23,41.09,5
100260,36,131.21,5
100261,41,158.48,9
100262,46,175.6,7
100263,47,198.66,15
100264,31,128.94,5
100265,39,123.61,7
100266,57,183.54,10
100267,47,103.92,7
100268,18,60.58,4
100269,50,92.73,5
100270,43,160.76,4
100271,39,132.17,14
100272,56,85.02,7
100273,21,60.2,5
100274,32,47.26,4
100275,43,221.16,8
100276,62,166.74,9
100277,55,268.07,4
100278,33,51.37,2
100279,35,36.55,3
100280,55,187.01,17
100281,50,158.68,6
100282,37,55.95,4
100283,55,218.75,12
100284,54,226.49,3
100285,61,338.5,3
100286,52,199.52,1
100287,32,155.0,10
100288,51,152.1,9
100289,34,36.65,2
100290,43,254.97,2
100291,45,71.87,6
100292,32,30.51,2
100293,34,129.26,9
100294,24,58.24,3
100295,37,48.09,4
100296,45,147.19,2
100297,55,127.11,14
100298,31,47.31,7
100299,36,204.19,18
100300,49,255.81,3
100301,62,96.05,7
100302,45,199.46,12
100303,64,147.76,18
100304,61,223.38,13
100305,27,63.19,4
100306,45,78.74,7
100307,29,29.34,2
100308,46,286.32,4
100309,45,45.71,3
100310,51,127.63,8
100311,18,38.08,3
100312,67,127.92,14
100313,38,356.23,7
100314,59,163.32,7
100315,45,163.95,5
100316,35,49.5,4
100317,44,248.76,6
100318,31,42.57,7
100319,48,226.53,3
100320,56,214.18,13
100321,28,48.25,5
100322,40,237.56,1
100323,34,337.4,5
100324,56,182.53,12
100325,38,140.9,7
100326,55,253.81,2
100327,32,286.85,3
100328,31,342.08,3
100329,45,220.93,2
100330,30,31.46,4
100331,54,168.01,4
100332,29,50.33,3
100333,50,33.33,4
100334,42,77.9,4
100335,40,121.34,7
100336,50,132.86,9
100337,37,39.76,7
100338,32,46.51,4
100339,37,203.31,6
100340,46,296.6,3
100341,47,130.46,4
100342,55,209.02,11
100343,33,64.55,8
100344,29,59.96,5
100345,49,86.64,6
100346,56,180.73,12
100347,44,142.17,13
100348,24,43.47,4
100349,44,276.66,6
100350,53,90.69,10
100351,41,82.83,6
100352,59,344.28,3
100353,26,29.44,6
100354,37,246.29,5
100355,51,189.56,22
100356,29,44.34,2
100357,54,247.76,3
100358,57,206.14,5
100359,58,100.07,7
100360,53,128.16,10
100361,40,41.75,7
100362,60,125.31,13
100363,21,37.45,4
100364,32,52.43,4
100365,37,100.93,8
100366,53,204.55,7
100367,23,33.99,2
100368,36,97.73,11
100369,40,93.66,4
100370,37,117.09,6
100371,48,340.03,6
100372,32,53.55,3
100373,34,66.18,6
100374,39,90.82,11
100375,37,100.9,6
100376,27,104.72,3
100377,49,201.8,12
100378,61,246.29,6
100379,45,314.59,3
100380,53,184.03,21
100381,53,131.99,11
100382,49,208.66,5
100383,32,34.58,5
100384,62,173.9,12
100385,33,128.74,9
100386,44,345.24,2
100387,28,56.94,3
100388,46,90.71,8
100389,24,62.15,3
100390,54,186.4,9
100391,39,164.59,3
100392,49,235.83,2
100393,55,172.82,8
100394,47,225.51,5
100395,67,127.59,10
100396,48,354.8,4
100397,42,271.71,7
100398,54,193.94,13
100399,43,71.55,7
100400,60,124.06,12
100401,60,165.21,17
100402,50,256.81,5
100403,26,59.57,5
100404,32,43.54,4
100405,58,298.0,3
100406,47,175.03,4
100407,48,237.15,4
100408,48,212.34,2
100409,36,92.28,7
100410,23,51.31,3
100411,48,196.02,11
100412,50,89.77,7
100413,41,104.83,3
100414,47,200.22,14
100415,36,61.0,6
100416,33,103.88,7
100417,32,45.66,5
100418,49,343.87,6
100419,44,96.7,9
100420,55,175.56,10
100421,26,99.37,9
100422,43,107.2,9
100423,26,46.75,3
100424,23,62.1,4
100425,53,178.5,15
100426,53,300.78,4
100427,45,340.73,3
100428,36,109.07,6
100429,58,119.0,13
100430,35,287.75,5
100431,56,324.84,2
100432,22,57.87,6
100433,65,133.09,14
100434,39,74.06,7
100435,59,194.13,13
100436,32,34.26,7
100437,28,45.52,2
100438,46,242.1,7
100439,60,219.96,8
100440,28,49.35,3
100441,53,189.36,14
100442,31,45.9,3
100443,30,59.61,4
100444,36,32.25,4
100445,59,105.09,12
100446,33,55.03,5
100447,40,110.57,11
100448,41,142.06,11
100449,44,103.85,4
100450,22,51.03,3
100451,30,41.21,1
100452,38,54.93,3
100453,33,36.31,4
100454,25,48.65,3
100455,18,56.6,4
100456,35,124.36,8
100457,56,330.52,8
100458,58,142.65,9
100459,34,92.45,5
100460,58,245.27,16
100461,20,48.82,5
100462,34,39.15,6
100463,40,119.03,9
100464,59,236.27,15
100465,52,156.49,7
100466,51,171.18,24
100467,29,36.45,3
100468,45,289.1,3
100469,53,190.51,11
100470,34,47.4,2
100471,59,167.94,12
100472,49,231.88,9
100473,40,147.56,8
100474,35,183.87,5
100475,36,154.44,2
100476,56,281.81,2
100477,43,153.79,6
100478,42,109.44,6
100479,50,133.41,6
100480,18,49.24,2
100481,42,129.95,8
100482,44,143.55,12
100483,55,237.06,10
100484,33,230.62,2
100485,27,49.75,3
100486,48,98.33,7
100487,44,266.8,3
100488,44,201.62,12
100489,56,231.76,12
100490,53,100.03,7
100491,63,213.33,2
100492,33,53.38,2
100493,33,56.79,3
100494,31,133.41,7
100495,49,105.85,7
100496,28,44.07,1
100497,52,272.1,9
100498,32,63.58,3
100499,26,45.3,5
100500,47,325.22,4
100501,43,111.29,7
100502,48,100.86,6
100503,42,112.09,14
100504,20,53.2,2
100505,33,32.93,5
100506,46,222.82,16
100507,57,233.95,12
100508,40,99.18,6
100509,55,117.38,12
100510,38,58.47,6
100511,66,212.94,1
100512,29,96.43,6
100513,47,329.06,4
100514,35,307.31,4
100515,44,210.58,7
100516,44,54.8,3
100517,31,27.6,8
100518,52,333.61,5
100519,26,50.77,6
100520,75,169.45,13
100521,39,215.22,15
100522,35,66.08,2
100523,33,34.04,4
100524,31,38.36,6
100525,35,42.78,7
100526,52,208.56,14
100527,45,330.81,5
100528,41,108.92,8
100529,51,72.26,13
100530,20,48.12,6
100531,42,282.25,6
100532,45,107.0,9
100533,41,111.46,4
100534,56,158.56,3
100535,47,233.44,6
100536,53,203.02,11
100537,44,124.87,5
100538,43,117.91,4
100539,25,48.01,6
100540,53,215.89,5
100541,54,239.08,8
100542,29,40.33,7
100543,55,203.21,4
100544,23,47.17,7
100545,52,206.01,15
100546,33,42.64,6
100547,47,124.96,6
100548,34,41.76,3
100549,49,217.08,9
100550,56,342.77,5
100551,60,342.14,5
100552,49,279.44,5
100553,29,48.13,3
100554,50,139.93,3
100555,36,335.97,5
100556,41,94.91,12
100557,38,59.47,2
100558,52,132.17,2
100559,45,327.44,4
100560,42,85.89,4
100561,37,39.15,3
100562,59,169.99,9
100563,57,166.97,10
100564,58,243.58,17
100565,53,261.73,5
100566,54,95.49,5
100567,62,117.21,10
100568,40,119.95,8
100569,46,256.38,1
100570,58,167.99,13
100571,24,34.48,7
100572,51,200.97,4
100573,61,181.6,10
100574,51,116.06,9
100575,25,58.93,4
100576,33,117.91,3
100577,48,349.56,5
100578,23,22.32,6
100579,32,101.59,5
100580,36,88.2,6
100581,52,254.98,3
100582,61,265.16,3
100583,42,256.86,14
100584,42,280.53,6
100585,49,120.35,6
100586,27,56.66,2
100587,24,47.6,1
100588,47,295.7,6
100589,30,48.48,2
100590,53,280.91,2
100591,47,375.58,5
100592,45,66.25,5
100593,49,220.53,6
100594,31,29.81,4
100595,29,48.34,2
100596,22,48.38,3
100597,23,47.61,4
100598,38,128.24,8
100599,55,333.59,3
100600,28,54.18,3
