Часы_работы,Опыт,Возраст,Образование,Производительность
31,3,22,1,82.7
26,24,55,1,91.88
48,22,49,1,129.13
41,2,39,2,79.81
45,17,38,2,116.6
49,16,59,1,97.95
60,1,22,0,83.67
52,15,51,2,115.43
45,9,27,4,114.06
56,4,22,2,101.42
39,21,43,2,97.86
60,14,64,1,101.72
51,24,53,1,110.03
46,11,54,1,77.76
57,21,52,3,134.28
41,19,55,3,119.15
49,6,42,3,98.19
31,1,24,4,57.32
59,1,58,4,102.37
45,3,39,4,92.25
52,10,42,1,115.87
38,8,35,1,68.09
55,1,26,2,90.77
23,12,62,2,83.55
24,18,55,1,81.55
40,7,48,3,92.91
50,6,37,2,96.17
53,11,57,2,107.49
38,13,44,1,93.62
46,8,39,1,82.27
42,16,39,1,105.37
59,3,28,3,96.02
46,2,22,2,88.13
37,10,44,2,87.23
59,5,60,1,90.87
24,2,21,2,59.07
60,7,59,2,100.77
26,9,57,3,65.28
31,11,31,3,84.52
53,29,48,1,124.77
50,5,25,3,102.83
59,28,54,1,128.9
50,26,51,3,139.85
46,8,35,1,79.9
34,3,21,1,63.52
20,10,64,3,62.4
25,10,39,1,77.75
32,16,60,2,90.84
21,29,50,2,98.21
40,26,55,1,115.54
51,15,54,2,93.24
59,6,27,3,112.2
40,3,35,3,99.13
55,18,40,2,123.46
60,13,41,2,119.79
55,1,20,1,94.19
39,20,44,1,108.36
33,5,25,1,53.87
60,2,53,3,89.19
29,8,50,3,78.38
36,5,62,3,72.18
23,22,53,2,99.75
52,0,35,2,84.63
46,6,64,2,70.92
23,11,37,2,61.71
29,11,33,2,57.65
42,15,61,1,91.38
42,15,35,1,95.64
52,3,21,4,101.25
30,3,40,2,74.03
57,29,56,4,161.79
38,6,27,1,75.99
53,14,40,2,95.72
29,0,24,1,61.14
21,19,50,1,81.34
22,16,40,0,71.68
35,9,33,1,86.1
59,0,28,3,92.28
21,14,45,2,89.72
35,29,50,2,109.02
24,22,63,2,94.94
58,2,38,2,84.0
47,7,25,2,87.81
51,29,57,1,141.98
49,5,48,4,98.51
46,24,51,3,132.47
51,2,22,2,93.4
20,8,32,2,62.76
55,13,54,1,117.21
50,24,57,3,127.76
50,20,38,2,106.05
36,24,56,1,96.57
52,28,58,2,138.51
35,17,36,3,105.36
22,2,61,2,38.31
57,3,31,3,98.36
29,8,29,3,75.2
24,18,50,1,75.78
45,1,48,3,72.59
29,0,24,2,56.17
55,16,57,2,110.42
38,6,27,0,78.52
20,5,56,4,71.07
59,0,18,1,91.93
41,5,56,1,71.66
30,4,55,2,66.07
47,17,55,1,97.22
41,0,49,1,57.68
21,13,40,2,65.08
51,14,51,2,103.67
36,6,31,3,75.04
48,21,55,2,118.45
56,14,44,2,121.64
45,16,40,2,94.1
47,19,42,2,114.5
30,25,45,2,102.49
29,1,19,2,66.48
37,3,24,4,86.1
54,5,29,2,87.82
41,1,23,1,62.45
34,13,39,2,88.59
51,4,50,3,104.13
54,28,49,0,110.14
57,19,40,2,129.37
32,3,59,3,79.47
49,22,45,2,120.43
44,0,21,4,94.05
38,22,54,2,101.48
36,2,45,2,69.1
24,15,48,2,65.63
31,18,45,3,79.1
42,19,44,2,115.54
56,2,22,2,89.62
55,24,44,2,128.96
27,24,56,2,86.11
47,3,32,2,75.72
23,19,46,2,83.51
47,1,19,3,84.51
34,5,34,2,77.72
38,15,38,2,100.52
49,27,65,2,130.22
37,8,28,2,86.51
53,10,31,2,119.57
41,12,37,1,81.71
60,8,65,1,101.21
46,24,58,2,128.76
32,0,19,2,75.67
51,6,29,2,86.28
36,9,57,0,68.35
41,0,20,2,87.06
25,4,59,1,57.41
24,13,31,3,84.11
43,4,62,3,82.76
27,1,32,1,51.33
60,19,38,2,132.81
55,17,49,1,112.23
48,3,24,1,84.06
50,19,44,1,113.23
44,9,42,1,82.28
22,3,55,2,57.81
36,22,65,3,131.36
40,5,49,1,60.43
57,11,37,2,115.24
28,18,37,2,84.37
40,19,38,4,121.12
34,11,57,2,82.42
25,12,33,1,77.74
24,5,26,2,73.3
34,8,34,2,81.64
23,0,19,4,73.81
22,2,23,2,37.8
34,3,22,2,85.62
28,30,55,0,102.35
42,0,52,2,81.22
20,22,51,3,81.19
32,19,40,2,89.95
38,29,52,2,121.17
59,3,25,3,107.31
46,3,61,3,88.71
56,6,42,2,110.38
34,26,63,2,94.03
38,7,25,2,92.24
37,15,41,2,95.32
56,3,51,2,93.32
59,2,41,1,81.48
59,10,39,3,121.97
50,4,25,3,79.14
40,0,36,3,82.79
42,8,29,4,88.51
60,8,32,2,112.03
31,0,50,3,63.75
34,2,48,3,81.56
56,13,47,2,112.12
35,13,35,2,84.6
29,25,64,1,91.15
42,2,22,2,90.88
33,5,34,1,72.79
56,5,23,1,94.66
57,7,34,2,104.01
32,9,64,2,62.46
41,7,35,1,84.66
60,0,61,3,83.77
50,7,41,3,107.46
28,15,51,1,78.98
44,20,39,0,122.05
45,9,30,2,86.9
46,24,54,3,124.48
21,16,64,3,93.79
32,1,30,1,70.23
55,12,55,3,108.78
29,12,30,1,78.69
32,1,52,2,62.42
33,27,55,4,122.21
27,15,39,1,72.96
26,8,53,1,61.94
34,10,31,2,71.37
55,3,21,2,99.33
20,0,22,3,59.3
31,2,39,4,73.13
22,20,61,1,65.33
43,6,24,1,91.71
30,0,39,3,68.07
52,20,51,1,109.94
43,1,27,3,82.11
52,20,52,2,108.59
46,9,32,1,83.4
37,2,56,3,70.3
55,19,45,1,128.28
39,24,44,2,108.28
58,7,26,2,113.42
60,0,40,2,91.69
44,7,59,2,88.53
47,0,18,2,82.57
30,7,54,4,87.48
53,10,41,4,111.17
47,4,52,2,73.22
57,26,49,1,121.79
30,16,38,2,84.84
52,12,32,4,109.21
39,6,48,2,83.68
27,0,24,2,55.07
27,26,46,2,121.3
43,1,22,1,61.2
33,20,49,2,99.88
24,28,48,2,92.98
37,0,22,3,72.15
46,0,54,3,83.23
33,0,37,3,50.45
59,4,55,2,101.64
51,0,19,2,103.57
41,7,26,2,84.27
58,14,41,3,125.73
37,9,27,2,94.75
25,12,33,3,80.34
21,29,49,1,90.4
58,1,24,3,84.59
59,8,50,1,107.83
50,4,22,1,87.99
24,2,26,2,50.4
32,1,46,1,59.31
21,20,56,1,73.13
22,7,26,0,50.87
30,14,32,2,91.25
43,28,62,3,116.99
22,3,65,0,50.43
60,21,45,2,121.87
38,18,39,3,101.85
30,11,34,1,91.08
41,24,47,1,119.37
52,24,46,3,134.48
32,6,32,3,71.88
21,0,19,2,48.12
22,3,25,3,63.64
54,6,64,1,91.3
24,2,38,2,55.97
46,2,41,2,82.4
35,16,40,1,88.08
51,15,55,3,103.41
22,2,21,2,52.72
56,2,21,3,109.97
48,7,31,2,84.6
38,15,41,2,94.93
28,2,50,1,48.14
60,20,41,1,127.74
32,9,39,3,80.64
40,4,63,1,82.57
36,6,25,1,79.3
29,20,45,1,78.56
37,1,44,1,69.97
26,4,40,3,61.2
20,0,56,2,40.98
31,3,30,4,80.61
24,3,63,1,45.82
37,11,33,2,96.39
55,14,44,2,108.4
26,24,42,2,93.15
20,23,58,3,86.45
24,13,39,4,81.82
40,7,31,3,99.74
31,0,19,1,64.38
40,1,35,1,83.23
21,19,57,2,98.99
33,0,18,1,53.65
36,0,61,2,64.61
37,1,44,2,60.19
42,1,24,2,72.38
52,13,32,3,110.96
39,12,44,2,83.34
54,11,33,0,91.23
41,2,23,0,68.2
30,5,49,2,57.92
29,11,50,2,83.84
33,0,23,1,53.81
44,10,31,2,118.63
29,2,29,3,65.44
57,11,49,3,116.43
39,30,53,2,112.49
55,18,52,2,134.25
48,14,63,1,107.31
33,16,54,2,92.68
29,12,33,2,70.68
50,1,23,2,90.04
33,19,47,2,87.78
30,27,61,1,112.15
58,17,64,0,117.07
39,5,29,1,77.21
21,1,29,3,38.16
40,0,19,2,67.28
38,6,24,1,83.3
55,14,44,3,129.3
49,8,44,2,105.47
27,7,35,2,57.01
26,8,32,3,78.21
44,16,57,1,106.17
21,16,40,1,59.73
33,7,56,2,73.74
25,20,64,1,83.59
20,7,33,2,59.24
57,9,27,1,90.73
23,4,63,1,47.74
20,4,48,1,46.38
58,6,31,2,104.57
27,15,47,1,72.84
53,17,42,1,109.36
21,12,61,3,72.33
26,11,30,2,80.04
24,14,65,2,71.81
48,4,62,1,77.22
45,1,26,2,82.64
39,7,25,1,65.28
29,3,43,2,67.57
23,2,20,1,53.2
43,4,32,3,89.32
29,1,38,3,73.59
44,9,64,1,68.78
48,19,65,1,91.26
54,3,25,1,93.64
40,24,60,2,112.14
20,3,22,1,52.46
31,12,53,3,82.15
54,19,58,3,130.61
41,30,60,3,136.66
45,4,28,2,90.87
38,4,60,4,81.71
26,2,23,0,34.49
56,21,42,2,134.85
51,5,40,2,103.97
60,15,33,3,134.21
55,1,19,2,87.91
31,18,55,3,101.74
30,5,34,1,71.78
30,28,49,4,131.52
57,0,37,2,85.84
42,5,35,2,82.34
38,12,60,4,104.18
59,2,22,2,101.56
44,14,53,2,91.11
57,4,53,2,100.97
60,4,36,1,103.43
23,1,30,2,55.6
34,0,18,1,64.86
50,17,62,1,104.23
53,10,63,3,118.98
26,6,29,2,60.44
33,1,19,2,63.85
42,4,23,2,84.24
52,2,21,2,99.88
24,20,57,2,74.27
44,18,60,3,100.72
32,5,25,3,62.35
28,19,53,2,90.11
41,2,26,2,69.95
36,4,35,2,72.07
46,22,46,2,123.19
33,10,52,2,74.67
53,17,59,2,117.2
23,0,20,2,52.21
55,4,27,2,104.53
21,7,31,2,66.95
50,9,32,2,95.86
34,16,65,1,83.5
35,11,55,1,86.9
20,15,33,2,79.2
48,15,64,2,93.82
26,19,41,1,89.49
47,18,42,2,103.82
49,11,38,3,119.2
54,6,24,1,105.19
49,3,62,3,92.22
32,0,18,3,71.96
50,8,26,2,98.83
53,10,29,2,112.68
33,7,31,1,69.58
25,5,24,3,72.28
56,0,18,2,101.48
26,16,50,3,83.01
44,8,64,2,82.67
29,4,23,0,49.0
25,3,32,0,42.08
51,7,42,2,82.87
25,16,62,2,85.34
47,25,51,0,128.22
48,11,54,2,110.7
22,13,45,3,65.04
27,0,38,2,62.5
52,1,27,2,101.53
40,1,59,0,57.3
24,2,56,3,59.81
60,1,19,2,84.89
30,26,52,3,112.13
20,4,22,2,49.39
57,1,53,2,93.85
20,2,57,1,31.56
42,1,24,1,77.94
60,11,38,3,129.3
43,2,23,2,75.48
43,13,45,2,89.15
35,5,62,4,64.45
25,2,21,4,68.32
43,6,37,3,87.2
56,2,64,1,73.79
23,11,32,2,76.22
56,6,24,3,105.8
37,0,41,2,59.64
41,10,42,1,81.46
26,25,49,3,112.42
45,11,33,2,103.67
27,26,63,2,98.71
31,10,43,4,93.7
49,5,31,2,83.86
22,21,64,2,84.86
38,4,62,2,74.68
44,5,41,2,81.89
25,1,19,1,57.43
32,19,46,3,94.46
34,3,44,3,78.68
47,4,25,1,89.26
60,11,48,2,91.26
54,15,58,3,127.62
27,5,23,0,33.57
20,2,52,2,44.87
22,6,24,2,71.8
44,13,53,2,95.71
26,16,38,1,67.57
29,0,18,2,53.35
54,13,64,2,116.82
55,2,25,2,80.48
54,22,46,0,126.53
30,6,26,2,72.46
45,4,62,2,72.36
45,21,53,1,104.19
27,23,56,1,82.26
42,8,38,1,91.03
41,21,40,2,116.86
36,19,48,1,81.45
50,10,55,3,101.52
47,0,58,2,70.79
41,0,18,3,91.85
49,20,49,4,116.65
51,1,23,1,97.38
43,10,31,2,94.68
30,16,57,3,81.95
51,6,30,2,92.08
49,5,56,2,82.99
60,16,40,2,114.6
26,1,29,0,49.41
37,7,34,2,72.08
57,21,43,4,122.31
41,28,54,4,128.46
58,29,47,0,120.33
20,29,62,2,90.88
21,17,59,2,69.68
52,6,54,3,93.13
34,24,46,0,113.11
41,11,31,3,99.8
37,19,37,3,110.01
36,3,23,1,55.94
58,2,35,1,87.72
23,15,62,3,82.02
51,9,38,1,88.5
56,5,23,2,110.01
46,12,49,3,94.83
36,10,64,2,79.31
26,2,59,2,51.26
47,11,31,2,102.86
39,16,39,1,89.63
26,1,43,4,64.38
34,5,29,2,73.56
59,6,30,1,96.22
30,5,29,1,69.53
27,28,65,4,114.96
47,4,53,1,79.94
28,9,58,3,72.66
57,5,57,2,105.22
55,7,64,3,102.11
60,5,23,4,115.1
57,29,60,3,147.44
29,0,21,3,80.22
28,14,40,1,67.08
34,6,46,3,85.86
39,3,35,2,61.8
56,2,25,2,98.79
50,1,27,3,105.35
46,15,57,4,117.56
56,15,33,2,120.62
46,8,32,2,90.32
35,22,62,2,102.55
36,3,24,2,72.98
41,0,61,2,63.76
23,2,62,2,49.58
50,7,46,1,92.29
46,1,25,1,72.11
49,6,25,3,94.4
41,11,31,2,83.47
52,23,45,3,135.18
58,5,25,2,109.21
43,12,39,0,89.2
38,3,23,1,80.27
24,10,43,1,66.05
51,1,19,4,103.29
57,24,52,1,131.23
48,2,20,2,87.47
55,6,27,3,103.5
55,0,26,4,119.81
52,22,57,1,114.83
40,1,20,0,61.47
24,15,38,1,78.57
20,15,46,1,71.11
28,22,42,1,80.66
37,10,50,2,93.88
50,28,56,3,136.25
38,16,36,2,90.11
20,10,57,2,72.96
28,7,33,1,71.26
60,16,65,3,115.93
60,19,42,2,144.12
35,21,53,3,112.12
53,26,60,3,136.32
49,11,56,2,112.92
58,15,58,1,114.17
56,11,43,1,105.33
45,2,20,2,79.32
36,7,41,3,89.3
45,5,26,2,92.91
33,3,60,3,71.12
34,10,29,2,78.13
44,4,28,1,81.84
43,4,29,2,83.89
43,18,48,2,96.13
35,13,45,2,76.88
36,26,63,2,115.07
20,10,37,1,40.63
44,7,31,2,92.39
43,0,20,1,69.78
58,0,18,3,112.37
40,0,35,1,63.8
39,12,62,1,89.38
22,25,43,2,91.77
28,28,60,2,105.91
33,3,22,2,77.59
35,3,22,2,70.4
34,12,58,4,101.67
36,1,23,2,63.6
51,0,20,2,90.56
25,6,37,2,72.63
33,9,62,1,76.78
26,5,51,2,77.88
32,1,22,1,55.79
48,0,58,2,67.87
21,18,58,1,65.95
33,28,56,4,126.88
20,21,61,2,86.63
59,5,29,3,111.27
49,13,65,2,93.47
29,4,33,1,68.18
28,4,56,3,57.6
24,16,45,2,90.12
39,17,55,3,127.01
50,0,48,2,85.73
43,12,48,2,100.66
