UserID,Group,Conversion,Timestamp,Month,Year
1,A,1,2023-08-12 07:45:37,8,2023
2,A,0,2023-08-06 16:51:32,8,2023
3,A,1,2023-03-22 19:38:01,3,2023
4,A,1,2023-10-17 04:17:33,10,2023
5,A,0,2023-09-10 11:43:14,9,2023
6,A,1,2023-10-02 20:55:18,10,2023
7,A,1,2023-06-20 18:23:57,6,2023
8,A,1,2023-11-22 18:39:48,11,2023
9,A,0,2023-05-23 07:09:21,5,2023
10,A,0,2023-10-22 02:34:07,10,2023
11,A,0,2023-03-16 06:54:57,3,2023
12,A,1,2023-04-01 06:03:34,4,2023
13,A,1,2023-07-12 06:17:05,7,2023
14,A,1,2023-07-22 21:29:09,7,2023
15,A,0,2023-09-30 08:51:06,9,2023
16,A,0,2023-04-19 13:19:43,4,2023
17,A,1,2023-11-15 12:25:03,11,2023
18,A,0,2023-05-01 08:55:11,5,2023
19,A,1,2023-07-14 23:26:45,7,2023
20,A,1,2023-12-07 03:49:57,12,2023
21,A,1,2023-07-16 21:09:36,7,2023
22,A,0,2023-09-06 21:24:29,9,2023
23,A,1,2023-11-28 15:33:09,11,2023
24,A,1,2023-12-22 17:24:43,12,2023
25,A,1,2023-07-02 06:48:23,7,2023
26,A,0,2023-06-02 04:09:13,6,2023
27,A,0,2023-03-13 21:06:49,3,2023
28,A,0,2023-07-16 03:57:11,7,2023
29,A,0,2023-12-02 04:38:42,12,2023
30,A,1,2023-06-27 19:07:51,6,2023
31,A,1,2023-05-08 04:40:02,5,2023
32,A,1,2023-02-09 03:50:04,2,2023
33,A,0,2023-05-23 06:03:24,5,2023
34,A,0,2023-03-28 09:30:34,3,2023
35,A,0,2023-12-23 12:00:48,12,2023
36,A,0,2023-07-12 14:05:40,7,2023
37,A,0,2023-02-20 00:00:16,2,2023
38,A,0,2023-01-25 14:11:56,1,2023
39,A,0,2023-11-07 12:30:45,11,2023
40,A,1,2023-12-06 23:36:23,12,2023
41,A,0,2023-10-06 11:54:35,10,2023
42,A,1,2023-02-15 04:52:14,2,2023
43,A,1,2023-02-05 20:58:51,2,2023
44,A,0,2023-03-14 06:18:40,3,2023
45,A,1,2023-10-02 03:57:20,10,2023
46,A,1,2023-10-07 08:12:50,10,2023
47,A,0,2023-11-02 19:32:54,11,2023
48,A,0,2023-02-05 09:08:47,2,2023
49,A,1,2023-02-25 22:09:04,2,2023
50,A,0,2023-11-25 14:26:10,11,2023
51,A,0,2023-12-05 23:48:00,12,2023
52,A,0,2023-09-22 21:08:25,9,2023
53,A,1,2023-02-08 16:53:41,2,2023
54,A,1,2023-01-26 01:07:07,1,2023
55,A,1,2023-01-21 06:56:32,1,2023
56,A,1,2023-09-10 12:34:48,9,2023
57,A,0,2023-11-05 18:40:17,11,2023
58,A,1,2023-08-19 13:03:57,8,2023
59,A,0,2023-04-06 16:00:59,4,2023
60,A,0,2023-10-04 10:22:51,10,2023
61,A,1,2023-01-22 13:58:47,1,2023
62,A,0,2023-10-30 07:00:47,10,2023
63,A,1,2023-11-22 12:53:46,11,2023
64,A,1,2023-09-20 04:45:03,9,2023
65,A,1,2023-11-17 22:21:20,11,2023
66,A,1,2023-08-02 22:54:15,8,2023
67,A,1,2023-06-20 22:52:24,6,2023
68,A,0,2023-04-28 16:46:43,4,2023
69,A,0,2023-12-03 10:10:21,12,2023
70,A,0,2023-09-12 12:07:02,9,2023
71,A,0,2023-03-11 12:43:54,3,2023
72,A,0,2023-12-16 07:04:15,12,2023
73,A,1,2023-01-22 14:38:02,1,2023
74,A,0,2023-08-03 10:41:26,8,2023
75,A,0,2023-03-11 13:09:31,3,2023
76,A,0,2023-08-31 11:39:39,8,2023
77,A,0,2023-05-31 14:50:06,5,2023
78,A,1,2023-06-09 13:14:29,6,2023
79,A,1,2023-09-03 02:42:54,9,2023
80,A,1,2023-10-03 23:37:05,10,2023
81,A,1,2023-05-19 17:10:21,5,2023
82,A,0,2023-12-31 03:33:58,12,2023
83,A,1,2023-07-01 22:37:01,7,2023
84,A,0,2023-02-28 13:00:37,2,2023
85,A,0,2023-01-03 08:03:08,1,2023
86,A,0,2023-03-15 21:04:12,3,2023
87,A,1,2023-09-10 05:58:50,9,2023
88,A,0,2023-07-16 21:28:29,7,2023
89,A,0,2023-05-04 07:23:42,5,2023
90,A,1,2023-06-25 16:50:54,6,2023
91,A,0,2023-11-02 21:58:25,11,2023
92,A,1,2023-07-28 14:57:04,7,2023
93,A,0,2023-01-22 04:55:26,1,2023
94,A,0,2023-01-18 21:53:19,1,2023
95,A,0,2023-06-25 22:45:44,6,2023
96,A,1,2023-05-28 13:27:42,5,2023
97,A,0,2023-11-07 10:23:31,11,2023
98,A,0,2023-08-01 18:53:22,8,2023
99,A,0,2023-10-04 06:06:37,10,2023
100,A,1,2023-08-02 14:16:34,8,2023
101,A,1,2023-05-07 00:38:44,5,2023
102,A,1,2023-08-28 22:14:43,8,2023
103,A,0,2023-08-15 19:42:53,8,2023
104,A,1,2023-09-20 21:05:32,9,2023
105,A,1,2023-03-11 01:45:03,3,2023
106,A,1,2023-08-23 03:57:12,8,2023
107,A,0,2023-04-15 04:43:01,4,2023
108,A,0,2023-10-16 10:31:48,10,2023
109,A,0,2023-10-19 11:04:38,10,2023
110,A,1,2023-08-17 00:54:11,8,2023
111,A,0,2023-12-12 13:04:31,12,2023
112,A,0,2023-07-16 04:34:01,7,2023
113,A,0,2023-01-10 04:12:27,1,2023
114,A,1,2023-08-10 06:16:50,8,2023
115,A,0,2023-10-11 20:37:19,10,2023
116,A,1,2023-02-06 22:27:14,2,2023
117,A,1,2023-02-08 04:18:03,2,2023
118,A,1,2023-04-10 16:51:04,4,2023
119,A,0,2023-11-05 03:36:12,11,2023
120,A,1,2023-07-12 12:01:19,7,2023
121,A,1,2023-12-23 09:36:46,12,2023
122,A,1,2023-11-15 15:22:04,11,2023
123,A,0,2023-07-22 12:20:36,7,2023
124,A,0,2023-09-05 20:29:29,9,2023
125,A,0,2023-05-01 19:34:33,5,2023
126,A,0,2023-02-02 23:58:29,2,2023
127,A,0,2023-05-26 12:56:32,5,2023
128,A,0,2023-08-05 04:19:42,8,2023
129,A,0,2023-03-08 12:00:24,3,2023
130,A,1,2023-03-22 22:25:29,3,2023
131,A,0,2023-01-06 11:20:54,1,2023
132,A,1,2023-09-25 21:59:06,9,2023
133,A,1,2023-11-25 06:59:56,11,2023
134,A,0,2023-10-30 00:22:54,10,2023
135,A,1,2023-05-19 16:46:27,5,2023
136,A,0,2023-08-05 14:40:37,8,2023
137,A,1,2023-12-17 16:38:40,12,2023
138,A,0,2023-08-04 20:20:11,8,2023
139,A,1,2023-04-18 23:58:29,4,2023
140,A,0,2023-05-04 14:03:39,5,2023
141,A,0,2023-09-23 09:40:41,9,2023
142,A,0,2023-06-12 21:09:00,6,2023
143,A,1,2023-11-02 14:47:51,11,2023
144,A,1,2023-11-12 09:35:21,11,2023
145,A,0,2023-01-14 01:54:11,1,2023
146,A,0,2023-09-22 00:17:09,9,2023
147,A,0,2023-05-16 00:50:41,5,2023
148,A,1,2023-07-09 17:02:31,7,2023
149,A,0,2023-04-07 15:35:36,4,2023
150,A,0,2023-05-15 09:42:56,5,2023
151,A,1,2023-05-01 14:07:52,5,2023
152,A,1,2023-01-19 09:19:35,1,2023
153,A,0,2023-10-13 17:04:37,10,2023
154,A,1,2023-02-22 04:44:41,2,2023
155,A,0,2023-05-18 03:59:38,5,2023
156,A,1,2023-03-12 10:54:02,3,2023
157,A,0,2023-02-28 14:56:18,2,2023
158,A,1,2023-05-17 06:50:23,5,2023
159,A,1,2023-12-02 08:23:20,12,2023
160,A,1,2023-12-11 14:41:54,12,2023
161,A,0,2023-05-20 07:41:38,5,2023
162,A,1,2023-07-04 09:08:37,7,2023
163,A,0,2023-12-26 18:43:11,12,2023
164,A,0,2023-03-27 17:11:59,3,2023
165,A,1,2023-12-11 19:38:15,12,2023
166,A,0,2023-02-08 14:22:16,2,2023
167,A,1,2023-03-24 10:28:57,3,2023
168,A,1,2023-05-04 11:33:23,5,2023
169,A,0,2023-01-14 12:51:27,1,2023
170,A,1,2023-10-25 17:48:01,10,2023
171,A,0,2023-11-09 05:26:38,11,2023
172,A,1,2023-05-20 22:04:58,5,2023
173,A,0,2023-11-02 06:44:26,11,2023
174,A,1,2023-10-09 23:09:03,10,2023
175,A,0,2023-10-20 12:18:45,10,2023
176,A,0,2023-10-20 23:41:44,10,2023
177,A,0,2023-07-29 07:42:17,7,2023
178,A,1,2023-02-10 10:47:23,2,2023
179,A,1,2023-12-04 01:44:28,12,2023
180,A,1,2023-08-11 03:51:33,8,2023
181,A,1,2023-11-25 23:04:30,11,2023
182,A,1,2023-12-17 01:40:53,12,2023
183,A,1,2023-03-10 07:32:37,3,2023
184,A,0,2023-05-27 18:43:46,5,2023
185,A,1,2023-03-12 06:14:49,3,2023
186,A,1,2023-01-19 14:16:12,1,2023
187,A,0,2023-12-19 17:43:12,12,2023
188,A,0,2023-12-04 00:07:53,12,2023
189,A,1,2023-12-07 02:03:38,12,2023
190,A,0,2023-11-19 12:54:59,11,2023
191,A,1,2023-08-25 19:15:24,8,2023
192,A,0,2023-07-10 13:57:32,7,2023
193,A,0,2023-12-28 21:18:41,12,2023
194,A,1,2023-07-21 13:44:14,7,2023
195,A,0,2023-08-23 11:41:56,8,2023
196,A,0,2023-03-19 06:51:07,3,2023
197,A,1,2023-09-30 13:09:49,9,2023
198,A,1,2023-10-27 02:23:19,10,2023
199,A,0,2023-09-05 15:54:11,9,2023
200,A,0,2023-07-01 23:44:10,7,2023
201,A,1,2023-03-14 05:19:27,3,2023
202,A,1,2023-01-13 08:46:10,1,2023
203,A,1,2023-08-17 23:14:15,8,2023
204,A,0,2023-09-07 07:12:39,9,2023
205,A,0,2023-10-10 00:06:37,10,2023
206,A,0,2023-12-13 22:20:50,12,2023
207,A,0,2023-07-01 12:53:02,7,2023
208,A,1,2023-10-30 15:21:29,10,2023
209,A,0,2023-09-19 10:42:38,9,2023
210,A,1,2023-04-12 04:15:20,4,2023
211,A,1,2023-11-05 11:15:23,11,2023
212,A,1,2023-01-20 11:07:39,1,2023
213,A,0,2023-08-07 14:16:37,8,2023
214,A,1,2023-12-10 05:28:42,12,2023
215,A,1,2023-08-29 12:31:06,8,2023
216,A,1,2023-12-09 00:40:10,12,2023
217,A,0,2023-01-21 11:56:51,1,2023
218,A,0,2023-07-14 07:57:29,7,2023
219,A,1,2023-10-12 22:09:47,10,2023
220,A,0,2023-08-23 10:42:01,8,2023
221,A,0,2023-11-18 09:29:57,11,2023
222,A,0,2023-06-18 20:22:35,6,2023
223,A,1,2023-09-07 03:36:11,9,2023
224,A,1,2023-06-03 05:08:40,6,2023
225,A,0,2023-11-15 07:46:08,11,2023
226,A,1,2023-02-13 14:22:05,2,2023
227,A,0,2023-04-03 18:05:24,4,2023
228,A,1,2023-02-05 07:33:19,2,2023
229,A,1,2023-09-14 06:23:57,9,2023
230,A,0,2023-03-26 22:44:00,3,2023
231,A,0,2023-04-26 18:07:34,4,2023
232,A,0,2023-11-02 08:58:22,11,2023
233,A,1,2023-05-12 11:12:02,5,2023
234,A,1,2023-02-23 05:29:27,2,2023
235,A,1,2023-01-08 15:42:07,1,2023
236,A,1,2023-03-24 17:52:48,3,2023
237,A,0,2023-11-30 20:38:37,11,2023
238,A,1,2023-07-20 05:51:32,7,2023
239,A,0,2023-12-30 02:44:08,12,2023
240,A,0,2023-03-20 12:32:58,3,2023
241,A,1,2023-05-09 06:57:22,5,2023
242,A,1,2023-03-01 13:41:26,3,2023
243,A,0,2023-05-26 09:48:15,5,2023
244,A,1,2023-07-25 14:39:00,7,2023
245,A,1,2023-10-22 23:12:34,10,2023
246,A,1,2023-05-15 08:29:49,5,2023
247,A,1,2023-10-09 14:36:49,10,2023
248,A,0,2023-08-17 13:09:19,8,2023
249,A,0,2023-04-17 12:16:35,4,2023
250,A,0,2023-11-29 22:55:07,11,2023
251,A,1,2023-06-08 11:59:17,6,2023
252,A,1,2023-02-25 02:41:59,2,2023
253,A,0,2023-12-18 09:14:34,12,2023
254,A,0,2023-11-30 09:40:43,11,2023
255,A,0,2023-01-19 01:58:57,1,2023
256,A,1,2023-11-26 09:48:43,11,2023
257,A,1,2023-12-12 19:01:41,12,2023
258,A,0,2023-10-30 14:48:26,10,2023
259,A,0,2023-04-04 01:46:14,4,2023
260,A,1,2023-08-19 10:03:52,8,2023
261,A,0,2023-07-16 10:59:24,7,2023
262,A,1,2023-08-15 08:29:04,8,2023
263,A,0,2023-08-14 00:02:55,8,2023
264,A,0,2023-08-22 07:30:10,8,2023
265,A,1,2023-07-07 14:38:49,7,2023
266,A,0,2023-09-10 00:44:27,9,2023
267,A,0,2023-07-12 05:04:24,7,2023
268,A,0,2023-01-07 00:23:02,1,2023
269,A,0,2023-01-13 21:04:11,1,2023
270,A,0,2023-12-16 16:53:27,12,2023
271,A,0,2023-11-28 21:02:02,11,2023
272,A,0,2023-08-02 17:53:20,8,2023
273,A,0,2023-03-05 17:24:15,3,2023
274,A,1,2023-10-13 05:38:26,10,2023
275,A,1,2023-02-22 07:13:25,2,2023
276,A,0,2023-05-18 16:59:20,5,2023
277,A,0,2023-05-01 09:34:18,5,2023
278,A,1,2023-01-05 12:35:58,1,2023
279,A,1,2023-10-22 13:24:35,10,2023
280,A,1,2023-07-06 01:16:32,7,2023
281,A,0,2023-04-26 10:22:26,4,2023
282,A,0,2023-07-05 02:59:07,7,2023
283,A,0,2023-01-01 00:00:27,1,2023
284,A,0,2023-06-09 12:01:34,6,2023
285,A,1,2023-07-09 15:31:38,7,2023
286,A,0,2023-05-04 23:55:17,5,2023
287,A,0,2023-10-31 02:08:04,10,2023
288,A,0,2023-04-02 04:28:35,4,2023
289,A,1,2023-02-20 07:20:38,2,2023
290,A,0,2023-07-12 13:17:35,7,2023
291,A,1,2023-11-20 20:32:38,11,2023
292,A,0,2023-05-17 23:26:11,5,2023
293,A,1,2023-01-18 00:26:10,1,2023
294,A,0,2023-12-21 00:36:11,12,2023
295,A,1,2023-06-12 04:02:50,6,2023
296,A,1,2023-03-05 02:50:35,3,2023
297,A,1,2023-08-13 16:47:11,8,2023
298,A,1,2023-04-27 16:16:13,4,2023
299,A,1,2023-12-09 07:03:18,12,2023
300,A,1,2023-04-18 07:05:37,4,2023
301,A,1,2023-07-20 19:11:18,7,2023
302,A,0,2023-07-18 07:23:18,7,2023
303,A,1,2023-03-30 11:47:10,3,2023
304,A,1,2023-07-02 05:41:42,7,2023
305,A,1,2023-02-09 19:28:11,2,2023
306,A,0,2023-08-23 23:09:59,8,2023
307,A,0,2023-10-04 18:51:58,10,2023
308,A,1,2023-12-13 18:00:55,12,2023
309,A,0,2023-04-29 21:50:13,4,2023
310,A,0,2023-04-15 02:32:12,4,2023
311,A,0,2023-07-20 07:34:03,7,2023
312,A,0,2023-09-10 20:40:44,9,2023
313,A,0,2023-12-29 05:59:23,12,2023
314,A,0,2023-01-10 03:21:07,1,2023
315,A,0,2023-03-28 23:33:18,3,2023
316,A,0,2023-04-06 18:31:22,4,2023
317,A,0,2023-04-04 05:08:45,4,2023
318,A,1,2023-06-19 06:11:05,6,2023
319,A,0,2023-11-15 14:41:35,11,2023
320,A,1,2023-01-12 07:30:51,1,2023
321,A,1,2023-10-25 18:46:19,10,2023
322,A,0,2023-08-14 10:47:04,8,2023
323,A,0,2023-08-13 13:09:06,8,2023
324,A,1,2023-09-05 14:00:03,9,2023
325,A,1,2023-02-12 02:58:44,2,2023
326,A,1,2023-09-30 13:22:11,9,2023
327,A,1,2023-04-01 13:38:00,4,2023
328,A,1,2023-07-08 13:11:33,7,2023
329,A,1,2023-09-05 01:27:08,9,2023
330,A,0,2023-08-09 10:33:18,8,2023
331,A,1,2023-04-28 22:34:29,4,2023
332,A,0,2023-05-25 13:31:53,5,2023
333,A,1,2023-06-23 22:14:17,6,2023
334,A,1,2023-01-16 01:22:35,1,2023
335,A,0,2023-09-23 00:07:50,9,2023
336,A,1,2023-02-06 11:34:41,2,2023
337,A,0,2023-06-17 09:11:36,6,2023
338,A,1,2023-08-28 01:45:51,8,2023
339,A,0,2023-01-30 08:13:54,1,2023
340,A,1,2023-12-30 09:03:51,12,2023
341,A,0,2023-05-18 16:28:47,5,2023
342,A,1,2023-01-06 18:26:10,1,2023
343,A,1,2023-08-29 09:37:58,8,2023
344,A,1,2023-07-23 12:25:53,7,2023
345,A,1,2023-08-22 17:18:33,8,2023
346,A,1,2023-10-02 02:50:12,10,2023
347,A,1,2023-06-23 14:33:07,6,2023
348,A,0,2023-10-29 18:32:50,10,2023
349,A,1,2023-05-16 02:30:50,5,2023
350,A,0,2023-07-18 23:59:41,7,2023
351,A,1,2023-02-27 20:35:50,2,2023
352,A,0,2023-08-15 06:27:50,8,2023
353,A,1,2023-04-06 11:35:18,4,2023
354,A,1,2023-09-12 07:18:37,9,2023
355,A,0,2023-10-20 09:14:15,10,2023
356,A,1,2023-11-10 12:32:39,11,2023
357,A,1,2023-12-06 02:45:27,12,2023
358,A,1,2023-02-14 15:15:22,2,2023
359,A,0,2023-02-20 08:48:18,2,2023
360,A,1,2023-12-05 01:21:21,12,2023
361,A,1,2023-05-20 00:03:03,5,2023
362,A,0,2023-01-10 11:54:44,1,2023
363,A,0,2023-04-15 18:01:50,4,2023
364,A,0,2023-11-02 05:06:35,11,2023
365,A,1,2023-05-10 13:42:35,5,2023
366,A,0,2023-01-29 00:14:46,1,2023
367,A,1,2023-09-21 13:40:36,9,2023
368,A,1,2023-03-13 00:56:35,3,2023
369,A,0,2023-05-09 18:32:37,5,2023
370,A,1,2023-01-02 10:06:45,1,2023
371,A,1,2023-08-08 17:29:43,8,2023
372,A,0,2023-06-12 12:26:55,6,2023
373,A,0,2023-11-13 11:21:08,11,2023
374,A,0,2023-05-03 00:59:12,5,2023
375,A,0,2023-03-16 16:20:29,3,2023
376,A,0,2023-03-02 14:05:52,3,2023
377,A,1,2023-03-15 01:23:26,3,2023
378,A,0,2023-06-14 15:32:59,6,2023
379,A,0,2023-02-01 19:34:42,2,2023
380,A,1,2023-05-27 20:46:08,5,2023
381,A,1,2023-11-08 23:00:44,11,2023
382,A,1,2023-10-08 04:42:38,10,2023
383,A,1,2023-08-21 14:23:46,8,2023
384,A,0,2023-11-22 23:49:17,11,2023
385,A,0,2023-10-12 18:41:03,10,2023
386,A,1,2023-08-27 04:29:20,8,2023
387,A,1,2023-11-12 00:28:09,11,2023
388,A,1,2023-02-15 09:50:06,2,2023
389,A,0,2023-10-26 15:56:36,10,2023
390,A,1,2023-04-18 19:37:24,4,2023
391,A,1,2023-09-25 13:37:46,9,2023
392,A,0,2023-11-30 08:40:05,11,2023
393,A,1,2023-07-01 01:10:46,7,2023
394,A,1,2023-02-02 09:18:50,2,2023
395,A,0,2023-05-16 03:12:04,5,2023
396,A,0,2023-05-29 12:03:25,5,2023
397,A,1,2023-12-08 21:47:52,12,2023
398,A,0,2023-12-11 00:20:25,12,2023
399,A,0,2023-07-27 11:45:42,7,2023
400,A,0,2023-12-13 23:49:26,12,2023
401,A,0,2023-06-09 05:54:25,6,2023
402,A,1,2023-05-31 02:08:23,5,2023
403,A,1,2023-11-02 07:47:50,11,2023
404,A,0,2023-09-01 14:23:48,9,2023
405,A,1,2023-07-10 16:01:22,7,2023
406,A,1,2023-06-16 17:05:29,6,2023
407,A,0,2023-09-15 13:06:40,9,2023
408,A,1,2023-10-03 00:18:51,10,2023
409,A,0,2023-06-29 01:34:04,6,2023
410,A,1,2023-01-12 12:39:08,1,2023
411,A,1,2023-02-07 04:05:21,2,2023
412,A,1,2023-02-22 14:48:59,2,2023
413,A,0,2023-06-18 15:53:28,6,2023
414,A,1,2023-08-13 04:22:53,8,2023
415,A,0,2023-10-21 09:00:13,10,2023
416,A,0,2023-03-26 21:09:28,3,2023
417,A,0,2023-10-15 02:35:54,10,2023
418,A,1,2023-09-01 02:37:05,9,2023
419,A,0,2023-01-19 20:30:57,1,2023
420,A,1,2023-05-09 04:42:46,5,2023
421,A,1,2023-04-21 11:18:15,4,2023
422,A,0,2023-11-20 15:00:54,11,2023
423,A,0,2023-12-03 05:41:04,12,2023
424,A,0,2023-10-27 00:42:43,10,2023
425,A,1,2023-07-12 17:20:10,7,2023
426,A,1,2023-06-29 21:15:32,6,2023
427,A,0,2023-04-24 16:37:07,4,2023
428,A,1,2023-10-10 02:33:39,10,2023
429,A,0,2023-02-01 11:49:49,2,2023
430,A,1,2023-04-09 23:10:04,4,2023
431,A,1,2023-02-19 08:26:00,2,2023
432,A,1,2023-06-30 09:42:56,6,2023
433,A,1,2023-04-20 09:51:43,4,2023
434,A,1,2023-03-14 01:56:33,3,2023
435,A,0,2023-05-18 09:23:03,5,2023
436,A,0,2023-11-11 05:21:46,11,2023
437,A,0,2023-07-23 16:10:00,7,2023
438,A,1,2023-10-28 10:04:20,10,2023
439,A,1,2023-11-30 13:48:18,11,2023
440,A,1,2023-11-26 06:49:51,11,2023
441,A,1,2023-05-09 02:45:47,5,2023
442,A,0,2023-11-17 06:41:54,11,2023
443,A,1,2023-11-28 22:08:03,11,2023
444,A,0,2023-12-17 06:03:47,12,2023
445,A,0,2023-05-09 02:47:06,5,2023
446,A,1,2023-03-25 08:13:31,3,2023
447,A,1,2023-08-02 06:14:20,8,2023
448,A,1,2023-12-07 02:46:50,12,2023
449,A,0,2023-11-25 17:25:54,11,2023
450,A,1,2023-07-28 11:49:39,7,2023
451,A,0,2023-02-24 11:20:03,2,2023
452,A,1,2023-06-04 05:03:24,6,2023
453,A,1,2023-09-18 15:42:03,9,2023
454,A,0,2023-07-24 12:52:31,7,2023
455,A,0,2023-05-07 02:19:56,5,2023
456,A,0,2023-05-06 01:11:47,5,2023
457,A,1,2023-01-22 19:24:31,1,2023
458,A,0,2023-04-16 07:43:27,4,2023
459,A,1,2023-09-02 07:44:30,9,2023
460,A,1,2023-03-30 01:54:48,3,2023
461,A,1,2023-12-29 14:07:05,12,2023
462,A,0,2023-01-31 02:04:09,1,2023
463,A,1,2023-08-03 21:39:32,8,2023
464,A,0,2023-07-01 05:54:30,7,2023
465,A,1,2023-11-01 03:44:41,11,2023
466,A,1,2023-11-21 00:47:32,11,2023
467,A,1,2023-07-18 08:52:43,7,2023
468,A,1,2023-08-19 00:07:52,8,2023
469,A,0,2023-09-13 02:50:03,9,2023
470,A,1,2023-07-10 03:44:47,7,2023
471,A,0,2023-03-09 11:37:07,3,2023
472,A,0,2023-06-06 10:28:26,6,2023
473,A,0,2023-03-30 04:00:01,3,2023
474,A,0,2023-06-19 12:09:29,6,2023
475,A,0,2023-08-13 12:45:06,8,2023
476,A,0,2023-03-18 09:16:10,3,2023
477,A,0,2023-04-02 00:57:50,4,2023
478,A,1,2023-10-28 08:55:05,10,2023
479,A,1,2023-05-18 20:55:56,5,2023
480,A,0,2023-03-14 09:50:05,3,2023
481,A,0,2023-09-18 07:24:07,9,2023
482,A,0,2023-09-19 13:36:55,9,2023
483,A,1,2023-10-29 13:09:31,10,2023
484,A,0,2023-10-05 09:28:07,10,2023
485,A,0,2023-12-29 01:38:27,12,2023
486,A,0,2023-07-29 19:51:10,7,2023
487,A,0,2023-04-15 16:33:37,4,2023
488,A,0,2023-11-11 23:14:06,11,2023
489,A,1,2023-04-07 15:47:01,4,2023
490,A,1,2023-04-17 05:36:03,4,2023
491,A,1,2023-10-30 09:36:37,10,2023
492,A,1,2023-11-18 18:58:00,11,2023
493,A,1,2023-05-04 20:37:40,5,2023
494,A,0,2023-09-24 05:38:08,9,2023
495,A,1,2023-12-03 16:10:59,12,2023
496,A,1,2023-10-19 13:02:54,10,2023
497,A,0,2023-01-02 19:44:49,1,2023
498,A,1,2023-08-31 13:43:05,8,2023
499,A,0,2023-03-04 00:14:52,3,2023
500,A,1,2023-11-05 21:57:53,11,2023
501,A,1,2023-01-25 11:16:21,1,2023
502,A,1,2023-12-29 11:32:45,12,2023
503,A,1,2023-03-06 17:23:58,3,2023
504,A,1,2023-06-03 08:37:35,6,2023
505,A,1,2023-03-27 10:35:04,3,2023
506,A,1,2023-10-25 01:54:04,10,2023
507,A,0,2023-05-24 15:03:07,5,2023
508,A,1,2023-09-29 18:31:07,9,2023
509,A,0,2023-01-25 12:49:51,1,2023
510,A,0,2023-06-15 07:08:33,6,2023
511,A,0,2023-11-29 12:48:53,11,2023
512,A,1,2023-12-05 08:04:23,12,2023
513,A,0,2023-03-18 04:09:19,3,2023
514,A,0,2023-05-24 23:10:16,5,2023
515,A,0,2023-05-30 07:50:37,5,2023
516,A,0,2023-07-26 09:28:53,7,2023
517,A,0,2023-07-16 03:04:22,7,2023
518,A,1,2023-02-08 16:03:18,2,2023
519,A,0,2023-10-06 08:57:42,10,2023
520,A,1,2023-03-24 09:47:26,3,2023
521,A,1,2023-04-25 22:52:58,4,2023
522,A,0,2023-11-03 20:29:54,11,2023
523,A,0,2023-09-09 17:21:17,9,2023
524,A,1,2023-05-25 17:48:06,5,2023
525,A,0,2023-11-30 01:16:18,11,2023
526,A,0,2023-05-24 20:10:35,5,2023
527,A,1,2023-07-26 09:44:22,7,2023
528,A,1,2023-03-31 18:47:37,3,2023
529,A,1,2023-03-08 20:46:45,3,2023
530,A,0,2023-06-29 10:30:23,6,2023
531,A,1,2023-07-25 12:02:59,7,2023
532,A,1,2023-10-22 02:57:23,10,2023
533,A,0,2023-05-23 16:19:13,5,2023
534,A,1,2023-11-23 17:38:15,11,2023
535,A,0,2023-08-10 16:41:12,8,2023
536,A,0,2023-01-26 14:12:08,1,2023
537,A,1,2023-09-27 18:31:45,9,2023
538,A,0,2023-07-29 19:25:46,7,2023
539,A,0,2023-05-23 02:44:12,5,2023
540,A,1,2023-06-20 13:18:52,6,2023
541,A,1,2023-04-21 03:41:27,4,2023
542,A,1,2023-08-13 05:06:32,8,2023
543,A,1,2023-07-26 22:29:41,7,2023
544,A,1,2023-06-13 06:08:06,6,2023
545,A,0,2023-04-15 02:19:32,4,2023
546,A,0,2023-05-26 12:07:43,5,2023
547,A,0,2023-07-01 17:03:35,7,2023
548,A,0,2023-06-22 05:40:30,6,2023
549,A,1,2023-04-23 21:23:49,4,2023
550,A,0,2023-08-01 10:18:44,8,2023
551,A,0,2023-03-24 16:33:38,3,2023
552,A,0,2023-07-02 20:36:46,7,2023
553,A,0,2023-02-14 08:46:25,2,2023
554,A,1,2023-06-22 07:59:07,6,2023
555,A,0,2023-10-14 03:39:56,10,2023
556,A,0,2023-10-26 12:14:14,10,2023
557,A,0,2023-09-11 13:30:57,9,2023
558,A,0,2023-09-30 03:52:35,9,2023
559,A,1,2023-01-25 01:43:15,1,2023
560,A,0,2023-05-05 14:28:32,5,2023
561,A,0,2023-08-27 19:13:59,8,2023
562,A,0,2023-10-20 05:03:19,10,2023
563,A,1,2023-08-01 17:45:28,8,2023
564,A,1,2023-11-08 13:58:47,11,2023
565,A,1,2023-04-10 16:02:23,4,2023
566,A,1,2023-02-26 00:35:30,2,2023
567,A,1,2023-02-01 12:41:36,2,2023
568,A,0,2023-08-01 16:17:54,8,2023
569,A,0,2023-08-31 19:01:00,8,2023
570,A,1,2023-04-15 03:19:59,4,2023
571,A,0,2023-10-14 00:50:14,10,2023
572,A,1,2023-09-27 19:08:58,9,2023
573,A,0,2023-05-12 10:46:11,5,2023
574,A,1,2023-03-29 03:45:34,3,2023
575,A,1,2023-09-28 22:41:58,9,2023
576,A,1,2023-09-03 01:29:41,9,2023
577,A,1,2023-03-04 08:05:10,3,2023
578,A,1,2023-04-04 02:53:31,4,2023
579,A,1,2023-06-27 09:04:05,6,2023
580,A,0,2023-07-06 13:37:09,7,2023
581,A,0,2023-03-02 13:47:54,3,2023
582,A,1,2023-12-13 06:08:35,12,2023
583,A,0,2023-05-22 20:33:49,5,2023
584,A,0,2023-05-20 04:15:14,5,2023
585,A,1,2023-01-23 02:15:47,1,2023
586,A,1,2023-11-16 15:28:08,11,2023
587,A,0,2023-03-27 19:51:38,3,2023
588,A,0,2023-12-27 05:38:04,12,2023
589,A,0,2023-07-01 01:06:39,7,2023
590,A,0,2023-11-16 07:41:36,11,2023
591,A,1,2023-03-07 09:06:28,3,2023
592,A,0,2023-03-02 12:59:11,3,2023
593,A,0,2023-10-20 09:45:23,10,2023
594,A,1,2023-10-27 04:12:21,10,2023
595,A,0,2023-07-18 05:29:53,7,2023
596,A,0,2023-01-12 17:37:43,1,2023
597,A,1,2023-12-11 11:00:53,12,2023
598,A,1,2023-05-24 13:19:28,5,2023
599,A,1,2023-12-08 15:13:27,12,2023
600,A,1,2023-11-14 19:37:27,11,2023
601,A,0,2023-11-07 19:03:07,11,2023
602,A,1,2023-09-09 09:28:09,9,2023
603,A,1,2023-09-03 17:40:34,9,2023
604,A,1,2023-07-14 10:48:22,7,2023
605,A,1,2023-01-10 01:03:47,1,2023
606,A,1,2023-05-22 13:41:19,5,2023
607,A,1,2023-09-24 15:32:31,9,2023
608,A,0,2023-10-24 11:43:16,10,2023
609,A,1,2023-07-24 05:48:00,7,2023
610,A,0,2023-09-16 23:43:53,9,2023
611,A,1,2023-01-08 22:28:55,1,2023
612,A,1,2023-06-20 23:13:50,6,2023
613,A,1,2023-07-05 07:40:17,7,2023
614,A,1,2023-11-22 18:09:46,11,2023
615,A,0,2023-04-24 12:48:48,4,2023
616,A,1,2023-03-25 22:20:40,3,2023
617,A,1,2023-05-09 14:50:18,5,2023
618,A,0,2023-03-04 04:37:46,3,2023
619,A,0,2023-07-23 19:47:44,7,2023
620,A,0,2023-08-23 14:57:39,8,2023
621,A,1,2023-10-20 09:48:35,10,2023
622,A,0,2023-12-21 18:40:13,12,2023
623,A,1,2023-01-27 20:46:59,1,2023
624,A,0,2023-04-01 05:58:03,4,2023
625,A,1,2023-04-20 18:14:24,4,2023
626,A,0,2023-04-02 03:06:45,4,2023
627,A,1,2023-10-29 22:59:28,10,2023
628,A,0,2023-02-20 22:00:35,2,2023
629,A,1,2023-01-11 20:30:31,1,2023
630,A,1,2023-11-11 02:32:12,11,2023
631,A,1,2023-12-17 22:54:02,12,2023
632,A,1,2023-03-24 15:14:32,3,2023
633,A,0,2023-05-02 11:48:48,5,2023
634,A,0,2023-07-03 15:50:38,7,2023
635,A,0,2023-07-11 23:18:30,7,2023
636,A,0,2023-12-28 16:02:34,12,2023
637,A,1,2023-05-28 12:23:05,5,2023
638,A,1,2023-01-05 10:21:15,1,2023
639,A,1,2023-06-04 07:21:01,6,2023
640,A,1,2023-07-23 02:49:05,7,2023
641,A,1,2023-07-08 15:57:16,7,2023
642,A,1,2023-07-06 23:39:07,7,2023
643,A,0,2023-12-03 18:07:17,12,2023
644,A,0,2023-10-22 17:14:20,10,2023
645,A,1,2023-04-02 20:57:31,4,2023
646,A,1,2023-05-10 16:15:58,5,2023
647,A,0,2023-09-01 16:01:14,9,2023
648,A,1,2023-05-30 18:35:25,5,2023
649,A,1,2023-06-06 08:48:09,6,2023
650,A,0,2023-03-03 07:08:12,3,2023
651,A,0,2023-04-03 20:16:05,4,2023
652,A,1,2023-09-28 09:32:29,9,2023
653,A,1,2023-11-04 16:04:35,11,2023
654,A,0,2023-10-14 10:03:00,10,2023
655,A,1,2023-04-23 08:37:15,4,2023
656,A,0,2023-02-19 21:10:14,2,2023
657,A,1,2023-02-28 06:55:31,2,2023
658,A,0,2023-05-24 14:41:02,5,2023
659,A,1,2023-07-08 23:32:13,7,2023
660,A,0,2023-11-22 21:50:51,11,2023
661,A,0,2023-11-25 01:43:47,11,2023
662,A,1,2023-01-01 23:42:56,1,2023
663,A,0,2023-09-16 06:13:40,9,2023
664,A,0,2023-04-20 01:07:46,4,2023
665,A,0,2023-03-14 04:44:46,3,2023
666,A,1,2023-07-22 14:10:13,7,2023
667,A,1,2023-01-13 09:04:46,1,2023
668,A,1,2023-05-02 22:39:43,5,2023
669,A,0,2023-07-21 13:28:45,7,2023
670,A,0,2023-04-10 07:06:57,4,2023
671,A,0,2023-08-05 14:06:58,8,2023
672,A,1,2023-06-17 21:55:42,6,2023
673,A,1,2023-10-19 18:48:32,10,2023
674,A,1,2023-03-08 06:08:32,3,2023
675,A,1,2023-01-21 20:13:22,1,2023
676,A,0,2023-07-13 07:31:01,7,2023
677,A,1,2023-04-04 18:23:56,4,2023
678,A,0,2023-09-15 22:39:22,9,2023
679,A,0,2023-02-04 01:11:08,2,2023
680,A,0,2023-07-29 23:35:01,7,2023
681,A,0,2023-12-28 06:56:43,12,2023
682,A,0,2023-02-03 23:38:15,2,2023
683,A,0,2023-04-21 03:56:21,4,2023
684,A,0,2023-11-05 05:01:10,11,2023
685,A,1,2023-07-14 18:01:34,7,2023
686,A,0,2023-03-05 20:48:21,3,2023
687,A,0,2023-03-19 19:01:03,3,2023
688,A,1,2023-10-07 03:45:11,10,2023
689,A,1,2023-11-11 05:26:26,11,2023
690,A,1,2023-05-12 14:33:01,5,2023
691,A,0,2023-06-22 22:46:32,6,2023
692,A,1,2023-10-13 16:59:21,10,2023
693,A,0,2023-03-06 13:53:03,3,2023
694,A,0,2023-03-17 06:57:02,3,2023
695,A,1,2023-10-10 16:01:25,10,2023
696,A,1,2023-03-10 03:09:36,3,2023
697,A,1,2023-10-09 08:18:36,10,2023
698,A,1,2023-07-01 09:56:47,7,2023
699,A,1,2023-12-28 08:41:53,12,2023
700,A,0,2023-01-13 00:31:10,1,2023
701,A,0,2023-12-12 06:33:44,12,2023
702,A,0,2023-03-24 05:36:16,3,2023
703,A,0,2023-01-13 19:18:23,1,2023
704,A,1,2023-09-22 06:20:50,9,2023
705,A,0,2023-07-14 08:56:51,7,2023
706,A,1,2023-11-02 15:28:45,11,2023
707,A,1,2023-02-09 13:10:42,2,2023
708,A,1,2023-01-30 11:40:47,1,2023
709,A,0,2023-07-27 01:06:08,7,2023
710,A,0,2023-11-18 23:00:02,11,2023
711,A,1,2023-05-29 02:29:05,5,2023
712,A,1,2023-10-19 02:15:02,10,2023
713,A,1,2023-11-27 18:23:53,11,2023
714,A,1,2023-11-14 10:26:03,11,2023
715,A,1,2023-07-05 15:56:12,7,2023
716,A,0,2023-09-12 22:14:02,9,2023
717,A,1,2023-07-11 20:50:07,7,2023
718,A,0,2023-09-04 01:34:51,9,2023
719,A,1,2023-07-26 23:40:57,7,2023
720,A,1,2023-07-11 15:49:00,7,2023
721,A,1,2023-06-09 10:26:25,6,2023
722,A,0,2023-08-27 06:24:57,8,2023
723,A,0,2023-10-02 03:37:45,10,2023
724,A,1,2023-12-02 11:24:02,12,2023
725,A,0,2023-08-12 19:52:56,8,2023
726,A,0,2023-02-06 16:34:21,2,2023
727,A,0,2023-08-03 10:18:45,8,2023
728,A,0,2023-04-26 06:05:48,4,2023
729,A,0,2023-01-10 18:53:00,1,2023
730,A,1,2023-01-27 10:42:20,1,2023
731,A,0,2023-08-04 19:48:22,8,2023
732,A,0,2023-12-11 20:29:35,12,2023
733,A,0,2023-07-04 12:48:18,7,2023
734,A,0,2023-06-12 12:31:31,6,2023
735,A,0,2023-02-02 08:39:58,2,2023
736,A,1,2023-09-04 12:01:03,9,2023
737,A,0,2023-01-21 05:55:35,1,2023
738,A,0,2023-11-04 00:12:42,11,2023
739,A,0,2023-10-25 23:42:52,10,2023
740,A,0,2023-12-28 17:09:43,12,2023
741,A,0,2023-04-14 18:18:29,4,2023
742,A,0,2023-03-01 01:12:51,3,2023
743,A,1,2023-04-20 07:55:31,4,2023
744,A,0,2023-10-19 19:43:49,10,2023
745,A,1,2023-03-21 20:53:00,3,2023
746,A,0,2023-11-20 21:49:28,11,2023
747,A,0,2023-02-26 06:40:26,2,2023
748,A,0,2023-01-18 20:08:53,1,2023
749,A,1,2023-03-22 01:34:21,3,2023
750,A,1,2023-10-03 05:49:59,10,2023
751,A,0,2023-08-08 19:58:10,8,2023
752,A,0,2023-05-10 11:23:37,5,2023
753,A,0,2023-08-28 10:53:15,8,2023
754,A,0,2023-08-25 17:42:28,8,2023
755,A,1,2023-07-22 11:21:21,7,2023
756,A,0,2023-07-07 15:03:43,7,2023
757,A,0,2023-02-07 01:04:55,2,2023
758,A,1,2023-04-05 19:20:31,4,2023
759,A,0,2023-07-12 14:37:40,7,2023
760,A,0,2023-02-19 08:32:20,2,2023
761,A,1,2023-06-23 16:20:48,6,2023
762,A,0,2023-02-12 16:27:27,2,2023
763,A,0,2023-10-15 08:10:04,10,2023
764,A,0,2023-02-07 17:06:29,2,2023
765,A,1,2023-02-03 18:38:29,2,2023
766,A,0,2023-08-21 19:02:26,8,2023
767,A,0,2023-03-22 11:51:40,3,2023
768,A,0,2023-05-09 06:21:32,5,2023
769,A,0,2023-04-25 16:54:40,4,2023
770,A,1,2023-03-21 01:42:32,3,2023
771,A,0,2023-10-06 01:12:34,10,2023
772,A,1,2023-09-10 12:54:48,9,2023
773,A,1,2023-03-29 03:41:00,3,2023
774,A,1,2023-09-08 16:48:07,9,2023
775,A,0,2023-09-18 10:00:55,9,2023
776,A,1,2023-07-16 19:06:51,7,2023
777,A,1,2023-07-31 02:40:08,7,2023
778,A,0,2023-12-08 06:13:49,12,2023
779,A,1,2023-06-15 15:59:02,6,2023
780,A,1,2023-05-21 16:13:43,5,2023
781,A,0,2023-07-16 17:38:56,7,2023
782,A,1,2023-11-02 02:09:34,11,2023
783,A,0,2023-09-16 23:58:43,9,2023
784,A,1,2023-01-28 10:13:16,1,2023
785,A,1,2023-06-17 15:16:18,6,2023
786,A,0,2023-09-28 00:55:13,9,2023
787,A,1,2023-03-23 17:31:04,3,2023
788,A,0,2023-12-27 18:47:57,12,2023
789,A,1,2023-10-22 23:01:38,10,2023
790,A,1,2023-11-06 00:12:01,11,2023
791,A,0,2023-01-30 19:54:37,1,2023
792,A,0,2023-07-31 13:51:46,7,2023
793,A,0,2023-07-12 15:25:08,7,2023
794,A,0,2023-08-17 18:28:14,8,2023
795,A,0,2023-11-07 08:17:34,11,2023
796,A,0,2023-05-09 22:48:59,5,2023
797,A,0,2023-07-14 21:39:15,7,2023
798,A,0,2023-09-06 00:17:25,9,2023
799,A,1,2023-10-02 21:55:43,10,2023
800,A,1,2023-10-09 04:39:48,10,2023
801,A,1,2023-05-03 23:33:42,5,2023
802,A,0,2023-12-31 08:28:53,12,2023
803,A,1,2023-01-04 12:17:23,1,2023
804,A,1,2023-06-29 17:58:30,6,2023
805,A,0,2023-08-11 04:48:22,8,2023
806,A,0,2023-01-23 09:01:25,1,2023
807,A,1,2023-06-14 16:10:18,6,2023
808,A,0,2023-08-06 11:42:56,8,2023
809,A,1,2023-08-10 18:41:32,8,2023
810,A,1,2023-02-13 10:39:05,2,2023
811,A,0,2023-04-12 06:58:31,4,2023
812,A,0,2023-03-31 08:08:30,3,2023
813,A,1,2023-08-22 13:43:05,8,2023
814,A,1,2023-05-01 00:06:43,5,2023
815,A,0,2023-07-28 13:55:19,7,2023
816,A,1,2023-09-24 19:49:18,9,2023
817,A,1,2023-10-19 00:08:36,10,2023
818,A,1,2023-03-09 02:09:32,3,2023
819,A,1,2023-11-26 18:55:47,11,2023
820,A,0,2023-03-02 11:59:44,3,2023
821,A,0,2023-01-08 23:38:55,1,2023
822,A,1,2023-01-17 09:53:12,1,2023
823,A,0,2023-03-15 09:06:31,3,2023
824,A,1,2023-11-15 17:34:54,11,2023
825,A,1,2023-03-17 21:03:10,3,2023
826,A,0,2023-09-11 03:06:27,9,2023
827,A,1,2023-06-02 18:00:38,6,2023
828,A,0,2023-01-15 13:55:51,1,2023
829,A,1,2023-06-12 02:39:26,6,2023
830,A,0,2023-01-11 07:50:26,1,2023
831,A,1,2023-06-23 19:17:10,6,2023
832,A,1,2023-07-23 21:59:12,7,2023
833,A,0,2023-07-10 07:09:09,7,2023
834,A,1,2023-04-14 03:00:04,4,2023
835,A,1,2023-10-07 19:09:11,10,2023
836,A,1,2023-08-06 19:19:22,8,2023
837,A,1,2023-04-03 23:55:01,4,2023
838,A,1,2023-06-08 15:07:57,6,2023
839,A,0,2023-02-09 14:30:48,2,2023
840,A,1,2023-12-04 00:13:04,12,2023
841,A,0,2023-10-02 20:43:00,10,2023
842,A,1,2023-04-16 01:12:25,4,2023
843,A,1,2023-09-04 08:17:04,9,2023
844,A,0,2023-09-05 21:18:48,9,2023
845,A,0,2023-08-11 12:46:02,8,2023
846,A,1,2023-01-20 17:30:56,1,2023
847,A,0,2023-11-17 15:52:32,11,2023
848,A,1,2023-12-15 21:20:17,12,2023
849,A,0,2023-12-22 13:29:11,12,2023
850,A,1,2023-12-24 23:26:07,12,2023
851,A,0,2023-12-06 00:29:53,12,2023
852,A,0,2023-09-27 18:17:37,9,2023
853,A,1,2023-01-21 18:14:26,1,2023
854,A,1,2023-06-19 19:15:40,6,2023
855,A,0,2023-03-31 11:29:51,3,2023
856,A,0,2023-03-22 07:08:33,3,2023
857,A,1,2023-10-31 04:12:22,10,2023
858,A,1,2023-10-24 13:38:35,10,2023
859,A,0,2023-07-10 13:18:52,7,2023
860,A,1,2023-09-26 18:27:42,9,2023
861,A,1,2023-02-17 05:15:00,2,2023
862,A,1,2023-03-23 00:19:02,3,2023
863,A,1,2023-11-11 01:46:19,11,2023
864,A,1,2023-06-14 16:38:45,6,2023
865,A,0,2023-07-19 12:28:29,7,2023
866,A,1,2023-06-18 22:07:07,6,2023
867,A,1,2023-03-15 18:54:59,3,2023
868,A,1,2023-10-29 15:21:23,10,2023
869,A,0,2023-10-04 18:43:46,10,2023
870,A,0,2023-09-07 14:28:45,9,2023
871,A,1,2023-05-09 21:58:11,5,2023
872,A,0,2023-08-23 18:08:51,8,2023
873,A,1,2023-12-14 22:30:04,12,2023
874,A,0,2023-08-26 04:29:17,8,2023
875,A,1,2023-06-30 09:48:58,6,2023
876,A,1,2023-04-09 17:19:04,4,2023
877,A,0,2023-07-10 19:47:30,7,2023
878,A,0,2023-05-16 16:11:26,5,2023
879,A,1,2023-08-12 02:43:30,8,2023
880,A,1,2023-01-17 16:00:05,1,2023
881,A,0,2023-03-11 09:51:29,3,2023
882,A,1,2023-10-15 05:36:15,10,2023
883,A,1,2023-05-19 23:07:27,5,2023
884,A,0,2023-06-08 01:03:51,6,2023
885,A,0,2023-07-18 12:33:05,7,2023
886,A,0,2023-06-09 22:58:04,6,2023
887,A,0,2023-10-04 21:40:20,10,2023
888,A,0,2023-03-31 13:19:15,3,2023
889,A,0,2023-10-04 19:53:06,10,2023
890,A,1,2023-03-18 10:34:58,3,2023
891,A,0,2023-05-16 06:25:13,5,2023
892,A,1,2023-08-03 13:19:12,8,2023
893,A,0,2023-11-20 09:10:13,11,2023
894,A,0,2023-03-26 21:09:51,3,2023
895,A,1,2023-08-03 09:31:09,8,2023
896,A,1,2023-01-24 10:28:10,1,2023
897,A,0,2023-01-28 12:44:08,1,2023
898,A,0,2023-10-08 03:21:53,10,2023
899,A,0,2023-09-20 10:04:50,9,2023
900,A,1,2023-05-18 09:52:20,5,2023
901,A,0,2023-08-16 09:16:49,8,2023
902,A,0,2023-05-19 18:51:49,5,2023
903,A,0,2023-04-12 04:40:13,4,2023
904,A,0,2023-06-07 10:20:53,6,2023
905,A,1,2023-04-24 19:52:49,4,2023
906,A,1,2023-10-25 11:47:33,10,2023
907,A,0,2023-05-31 06:13:45,5,2023
908,A,0,2023-04-28 02:31:52,4,2023
909,A,0,2023-07-15 16:42:10,7,2023
910,A,0,2023-10-04 16:23:49,10,2023
911,A,1,2023-04-10 21:18:43,4,2023
912,A,1,2023-12-09 22:24:46,12,2023
913,A,1,2023-06-19 04:33:38,6,2023
914,A,1,2023-08-30 05:12:19,8,2023
915,A,1,2023-12-16 09:26:33,12,2023
916,A,1,2023-06-07 13:31:34,6,2023
917,A,0,2023-03-14 22:25:06,3,2023
918,A,0,2023-09-30 22:38:16,9,2023
919,A,0,2023-01-03 09:59:47,1,2023
920,A,1,2023-06-17 03:10:51,6,2023
921,A,0,2023-12-24 16:43:12,12,2023
922,A,1,2023-06-01 06:22:58,6,2023
923,A,1,2023-09-07 16:39:26,9,2023
924,A,1,2023-07-11 17:28:49,7,2023
925,A,0,2023-03-20 08:35:24,3,2023
926,A,0,2023-04-26 23:14:51,4,2023
927,A,0,2023-07-11 02:08:32,7,2023
928,A,1,2023-02-08 01:13:54,2,2023
929,A,1,2023-06-01 10:26:48,6,2023
930,A,1,2023-06-01 10:06:12,6,2023
931,A,0,2023-11-01 17:49:24,11,2023
932,A,0,2023-02-15 04:59:10,2,2023
933,A,0,2023-11-04 13:59:19,11,2023
934,A,1,2023-05-30 19:28:02,5,2023
935,A,1,2023-08-26 17:49:56,8,2023
936,A,0,2023-07-23 06:44:21,7,2023
937,A,1,2023-04-20 10:06:03,4,2023
938,A,0,2023-12-06 17:01:47,12,2023
939,A,1,2023-03-23 22:18:33,3,2023
940,A,0,2023-01-14 05:18:27,1,2023
941,A,0,2023-10-01 19:05:14,10,2023
942,A,1,2023-08-15 19:58:32,8,2023
943,A,0,2023-11-22 01:06:53,11,2023
944,A,0,2023-06-17 01:45:36,6,2023
945,A,0,2023-01-07 03:31:36,1,2023
946,A,0,2023-01-08 09:29:14,1,2023
947,A,1,2023-06-08 03:20:40,6,2023
948,A,1,2023-04-02 02:02:31,4,2023
949,A,1,2023-12-03 14:17:52,12,2023
950,A,0,2023-02-13 05:55:50,2,2023
951,A,1,2023-11-18 11:55:28,11,2023
952,A,0,2023-03-21 03:07:00,3,2023
953,A,0,2023-02-13 13:57:38,2,2023
954,A,0,2023-04-11 05:14:07,4,2023
955,A,1,2023-02-22 14:40:28,2,2023
956,A,1,2023-05-27 11:26:36,5,2023
957,A,1,2023-05-01 14:49:25,5,2023
958,A,1,2023-07-13 02:23:06,7,2023
959,A,0,2023-07-16 00:42:23,7,2023
960,A,1,2023-01-01 08:40:20,1,2023
961,A,1,2023-02-15 13:52:49,2,2023
962,A,0,2023-03-01 01:58:32,3,2023
963,A,0,2023-03-13 01:47:01,3,2023
964,A,0,2023-02-04 03:38:29,2,2023
965,A,1,2023-04-25 20:12:08,4,2023
966,A,0,2023-07-20 15:08:20,7,2023
967,A,1,2023-04-23 17:53:46,4,2023
968,A,0,2023-05-01 02:41:45,5,2023
969,A,1,2023-06-21 09:18:12,6,2023
970,A,0,2023-05-01 19:16:16,5,2023
971,A,0,2023-03-22 23:10:19,3,2023
972,A,0,2023-05-30 10:10:41,5,2023
973,A,0,2023-01-09 20:14:56,1,2023
974,A,1,2023-06-29 18:55:23,6,2023
975,A,0,2023-12-10 14:22:26,12,2023
976,A,1,2023-05-26 05:54:15,5,2023
977,A,0,2023-02-09 12:46:44,2,2023
978,A,0,2023-09-16 02:01:26,9,2023
979,A,1,2023-02-16 07:16:57,2,2023
980,A,0,2023-03-12 16:17:01,3,2023
981,A,1,2023-02-23 11:45:00,2,2023
982,A,1,2023-11-19 12:54:42,11,2023
983,A,1,2023-12-25 03:58:56,12,2023
984,A,0,2023-07-27 22:02:12,7,2023
985,A,0,2023-08-14 10:42:13,8,2023
986,A,1,2023-08-24 14:12:42,8,2023
987,A,0,2023-08-11 18:08:23,8,2023
988,A,0,2023-07-18 14:20:16,7,2023
989,A,0,2023-12-27 03:28:34,12,2023
990,A,1,2023-09-25 14:14:17,9,2023
991,A,1,2023-02-02 06:43:25,2,2023
992,A,1,2023-05-24 01:24:44,5,2023
993,A,1,2023-12-22 16:37:40,12,2023
994,A,0,2023-05-28 08:04:07,5,2023
995,A,1,2023-03-16 11:09:18,3,2023
996,A,0,2023-11-13 23:58:22,11,2023
997,A,1,2023-08-16 10:06:22,8,2023
998,A,0,2023-07-25 08:07:10,7,2023
999,A,1,2023-06-03 07:55:55,6,2023
1000,A,0,2023-02-15 09:30:13,2,2023
1001,A,0,2023-05-21 03:25:04,5,2023
1002,A,0,2023-06-09 16:18:06,6,2023
1003,A,0,2023-12-06 21:41:29,12,2023
1004,A,0,2023-04-23 03:41:35,4,2023
1005,A,1,2023-02-24 11:14:05,2,2023
1006,A,0,2023-06-06 01:08:44,6,2023
1007,A,1,2023-12-30 22:19:28,12,2023
1008,A,0,2023-06-26 00:06:03,6,2023
1009,A,1,2023-05-19 09:08:07,5,2023
1010,A,0,2023-09-01 09:54:29,9,2023
1011,A,1,2023-08-25 19:16:05,8,2023
1012,A,1,2023-04-20 05:44:36,4,2023
1013,A,0,2023-12-20 06:51:46,12,2023
1014,A,1,2023-08-05 10:11:57,8,2023
1015,A,0,2023-01-22 00:35:06,1,2023
1016,A,0,2023-05-29 18:18:11,5,2023
1017,A,1,2023-12-03 20:17:30,12,2023
1018,A,1,2023-05-24 13:48:52,5,2023
1019,A,0,2023-07-27 06:01:39,7,2023
1020,A,0,2023-08-12 14:37:15,8,2023
1021,A,1,2023-09-15 02:30:59,9,2023
1022,A,1,2023-11-15 09:29:32,11,2023
1023,A,1,2023-02-24 10:51:12,2,2023
1024,A,1,2023-07-08 14:41:35,7,2023
1025,A,1,2023-07-14 16:28:26,7,2023
1026,A,0,2023-02-25 14:59:05,2,2023
1027,A,1,2023-09-03 19:58:48,9,2023
1028,A,0,2023-02-13 03:01:13,2,2023
1029,A,1,2023-06-16 12:43:35,6,2023
1030,A,0,2023-05-01 12:58:49,5,2023
1031,A,1,2023-02-26 13:40:12,2,2023
1032,A,1,2023-10-28 03:31:23,10,2023
1033,A,1,2023-03-31 02:28:59,3,2023
1034,A,1,2023-04-04 03:53:57,4,2023
1035,A,0,2023-11-08 20:28:51,11,2023
1036,A,1,2023-11-17 05:44:02,11,2023
1037,A,0,2023-01-13 13:57:57,1,2023
1038,A,0,2023-04-12 10:11:44,4,2023
1039,A,0,2023-09-16 17:37:54,9,2023
1040,A,0,2023-10-12 00:29:48,10,2023
1041,A,0,2023-12-31 18:39:24,12,2023
1042,A,1,2023-07-22 10:48:18,7,2023
1043,A,1,2023-01-03 17:33:03,1,2023
1044,A,1,2023-11-15 21:00:31,11,2023
1045,A,0,2023-02-28 18:45:36,2,2023
1046,A,0,2023-02-14 02:10:38,2,2023
1047,A,0,2023-09-04 01:30:14,9,2023
1048,A,1,2023-08-09 09:26:00,8,2023
1049,A,1,2023-01-22 21:31:10,1,2023
1050,A,0,2023-03-03 18:54:50,3,2023
1051,A,1,2023-08-04 06:33:36,8,2023
1052,A,0,2023-04-04 04:51:35,4,2023
1053,A,0,2023-09-07 15:50:27,9,2023
1054,A,0,2023-05-31 07:02:38,5,2023
1055,A,0,2023-08-03 16:09:43,8,2023
1056,A,1,2023-06-23 08:37:06,6,2023
1057,A,1,2023-05-14 07:01:04,5,2023
1058,A,0,2023-05-05 23:28:51,5,2023
1059,A,1,2023-09-12 12:11:34,9,2023
1060,A,1,2023-07-07 18:00:59,7,2023
1061,A,1,2023-08-05 22:01:09,8,2023
1062,A,1,2023-07-30 17:13:40,7,2023
1063,A,0,2023-03-17 18:54:05,3,2023
1064,A,1,2023-11-30 07:53:22,11,2023
1065,A,0,2023-07-25 13:04:02,7,2023
1066,A,1,2023-09-20 02:14:40,9,2023
1067,A,0,2023-11-18 21:30:25,11,2023
1068,A,1,2023-12-04 12:26:14,12,2023
1069,A,0,2023-09-01 09:27:34,9,2023
1070,A,0,2023-10-15 07:08:00,10,2023
1071,A,1,2023-06-22 04:53:36,6,2023
1072,A,1,2023-09-27 07:03:50,9,2023
1073,A,0,2023-04-28 09:04:36,4,2023
1074,A,1,2023-09-17 19:12:39,9,2023
1075,A,1,2023-02-01 08:21:47,2,2023
1076,A,0,2023-11-30 17:04:50,11,2023
1077,A,1,2023-03-31 06:56:01,3,2023
1078,A,0,2023-08-28 15:29:47,8,2023
1079,A,1,2023-01-05 01:59:45,1,2023
1080,A,0,2023-02-26 20:04:06,2,2023
1081,A,0,2023-12-27 02:50:34,12,2023
1082,A,1,2023-11-01 04:16:32,11,2023
1083,A,1,2023-03-23 04:56:40,3,2023
1084,A,1,2023-02-17 18:12:53,2,2023
1085,A,1,2023-10-25 10:18:47,10,2023
1086,A,1,2023-12-28 09:52:43,12,2023
1087,A,1,2023-03-03 13:19:44,3,2023
1088,A,1,2023-08-31 08:08:47,8,2023
1089,A,0,2023-04-14 12:20:45,4,2023
1090,A,0,2023-09-29 16:49:53,9,2023
1091,A,0,2023-06-02 16:06:33,6,2023
1092,A,1,2023-02-15 18:06:02,2,2023
1093,A,0,2023-04-29 09:47:37,4,2023
1094,A,0,2023-07-16 14:20:15,7,2023
1095,A,1,2023-10-19 09:33:11,10,2023
1096,A,0,2023-01-08 16:11:47,1,2023
1097,A,0,2023-12-16 13:23:39,12,2023
1098,A,1,2023-08-26 02:30:29,8,2023
1099,A,1,2023-11-16 11:34:46,11,2023
1100,A,0,2023-12-06 11:16:14,12,2023
1101,A,0,2023-02-26 01:20:31,2,2023
1102,A,0,2023-02-04 05:04:48,2,2023
1103,A,1,2023-10-11 11:47:34,10,2023
1104,A,1,2023-03-10 13:51:22,3,2023
1105,A,0,2023-02-24 00:00:53,2,2023
1106,A,1,2023-06-21 00:12:21,6,2023
1107,A,0,2023-11-30 09:13:06,11,2023
1108,A,0,2023-10-18 09:30:31,10,2023
1109,A,1,2023-07-09 00:36:58,7,2023
1110,A,0,2023-03-13 16:55:02,3,2023
1111,A,0,2023-05-03 18:41:53,5,2023
1112,A,0,2023-09-09 07:12:15,9,2023
1113,A,1,2023-02-27 07:32:36,2,2023
1114,A,1,2023-07-11 09:47:18,7,2023
1115,A,1,2023-01-05 07:26:51,1,2023
1116,A,0,2023-04-29 15:44:40,4,2023
1117,A,0,2023-04-01 12:00:56,4,2023
1118,A,1,2023-09-06 14:18:23,9,2023
1119,A,0,2023-11-30 14:48:56,11,2023
1120,A,1,2023-02-23 11:10:29,2,2023
1121,A,1,2023-10-19 00:01:00,10,2023
1122,A,0,2023-08-28 09:52:40,8,2023
1123,A,1,2023-12-20 23:23:34,12,2023
1124,A,0,2023-11-29 16:50:00,11,2023
1125,A,0,2023-02-06 18:40:15,2,2023
1126,A,1,2023-09-29 06:38:03,9,2023
1127,A,1,2023-08-05 03:29:08,8,2023
1128,A,1,2023-02-11 06:36:30,2,2023
1129,A,1,2023-04-04 20:38:17,4,2023
1130,A,1,2023-12-05 08:01:57,12,2023
1131,A,1,2023-07-18 04:10:09,7,2023
1132,A,1,2023-05-04 12:55:53,5,2023
1133,A,0,2023-04-27 23:11:05,4,2023
1134,A,1,2023-11-02 19:42:16,11,2023
1135,A,1,2023-04-14 11:09:29,4,2023
1136,A,0,2023-02-27 23:52:01,2,2023
1137,A,0,2023-07-29 10:53:05,7,2023
1138,A,0,2023-12-29 06:23:19,12,2023
1139,A,0,2023-03-08 21:52:01,3,2023
1140,A,1,2023-04-04 04:35:53,4,2023
1141,A,0,2023-06-21 05:36:32,6,2023
1142,A,1,2023-03-14 22:22:01,3,2023
1143,A,1,2023-08-26 13:06:55,8,2023
1144,A,1,2023-04-03 13:43:57,4,2023
1145,A,0,2023-02-16 18:52:29,2,2023
1146,A,0,2023-04-06 08:42:41,4,2023
1147,A,1,2023-12-06 16:00:20,12,2023
1148,A,1,2023-12-08 05:40:53,12,2023
1149,A,0,2023-07-04 14:08:54,7,2023
1150,A,1,2023-05-27 04:00:31,5,2023
1151,A,0,2023-10-27 03:03:54,10,2023
1152,A,1,2023-03-12 21:45:09,3,2023
1153,A,0,2023-08-27 16:12:41,8,2023
1154,A,0,2023-09-06 05:15:08,9,2023
1155,A,1,2023-09-17 03:36:29,9,2023
1156,A,0,2023-03-21 13:12:05,3,2023
1157,A,0,2023-09-19 09:18:25,9,2023
1158,A,0,2023-08-12 09:02:47,8,2023
1159,A,0,2023-11-16 09:52:30,11,2023
1160,A,1,2023-03-05 15:40:14,3,2023
1161,A,0,2023-08-12 23:11:00,8,2023
1162,A,1,2023-10-30 19:38:11,10,2023
1163,A,1,2023-04-12 13:10:56,4,2023
1164,A,0,2023-09-29 11:29:59,9,2023
1165,A,0,2023-02-06 07:42:16,2,2023
1166,A,1,2023-09-20 02:32:58,9,2023
1167,A,1,2023-08-10 06:45:19,8,2023
1168,A,1,2023-03-12 06:45:05,3,2023
1169,A,1,2023-01-25 05:15:02,1,2023
1170,A,0,2023-09-30 02:28:48,9,2023
1171,A,0,2023-03-30 01:43:50,3,2023
1172,A,1,2023-07-01 13:37:32,7,2023
1173,A,0,2023-01-23 03:47:41,1,2023
1174,A,1,2023-12-18 16:12:58,12,2023
1175,A,1,2023-07-20 08:15:18,7,2023
1176,A,1,2023-12-07 00:38:32,12,2023
1177,A,0,2023-02-28 12:33:43,2,2023
1178,A,0,2023-03-17 02:44:51,3,2023
1179,A,0,2023-08-11 19:10:05,8,2023
1180,A,0,2023-08-09 15:22:35,8,2023
1181,A,1,2023-10-16 15:58:42,10,2023
1182,A,0,2023-12-05 17:46:42,12,2023
1183,A,0,2023-10-27 23:40:30,10,2023
1184,A,0,2023-02-21 04:19:33,2,2023
1185,A,0,2023-04-23 23:36:04,4,2023
1186,A,1,2023-11-30 13:05:27,11,2023
1187,A,0,2023-07-20 08:50:30,7,2023
1188,A,1,2023-11-13 11:02:35,11,2023
1189,A,0,2023-07-25 11:58:27,7,2023
1190,A,1,2023-01-19 03:43:37,1,2023
1191,A,0,2023-06-22 14:29:30,6,2023
1192,A,0,2023-10-29 00:01:18,10,2023
1193,A,1,2023-08-28 02:47:51,8,2023
1194,A,1,2023-02-18 11:08:48,2,2023
1195,A,1,2023-03-18 16:21:47,3,2023
1196,A,0,2023-11-08 20:19:00,11,2023
1197,A,0,2023-12-24 10:10:14,12,2023
1198,A,1,2023-10-02 19:18:55,10,2023
1199,A,0,2023-02-05 19:10:45,2,2023
1200,A,1,2023-08-15 00:09:05,8,2023
1201,B,0,2023-10-30 15:58:37,10,2023
1202,B,0,2023-08-22 16:06:20,8,2023
1203,B,0,2023-08-05 20:16:51,8,2023
1204,B,0,2023-06-20 14:03:21,6,2023
1205,B,1,2023-03-31 08:55:39,3,2023
1206,B,1,2023-04-13 11:30:43,4,2023
1207,B,0,2023-09-30 04:06:46,9,2023
1208,B,1,2023-01-26 11:33:14,1,2023
1209,B,1,2023-01-31 20:03:09,1,2023
1210,B,1,2023-05-25 18:47:36,5,2023
1211,B,0,2023-10-10 15:54:00,10,2023
1212,B,0,2023-08-28 19:37:45,8,2023
1213,B,0,2023-08-04 08:16:13,8,2023
1214,B,1,2023-07-14 22:59:55,7,2023
1215,B,1,2023-02-10 10:10:22,2,2023
1216,B,1,2023-05-02 02:31:20,5,2023
1217,B,1,2023-01-30 00:28:07,1,2023
1218,B,0,2023-10-04 17:27:44,10,2023
1219,B,0,2023-10-02 01:19:34,10,2023
1220,B,1,2023-04-05 04:54:35,4,2023
1221,B,1,2023-04-17 22:07:06,4,2023
1222,B,1,2023-04-26 20:54:13,4,2023
1223,B,0,2023-11-21 14:17:03,11,2023
1224,B,0,2023-06-28 07:29:28,6,2023
1225,B,1,2023-10-06 03:45:34,10,2023
1226,B,0,2023-06-13 19:43:38,6,2023
1227,B,1,2023-09-12 20:08:47,9,2023
1228,B,1,2023-07-12 20:08:26,7,2023
1229,B,0,2023-04-12 16:35:20,4,2023
1230,B,1,2023-11-16 20:22:53,11,2023
1231,B,1,2023-09-16 18:21:14,9,2023
1232,B,0,2023-10-08 19:24:04,10,2023
1233,B,1,2023-12-13 01:46:25,12,2023
1234,B,0,2023-04-01 19:13:41,4,2023
1235,B,1,2023-02-03 10:03:50,2,2023
1236,B,1,2023-08-01 12:42:12,8,2023
1237,B,1,2023-04-30 01:11:05,4,2023
1238,B,1,2023-06-09 01:24:35,6,2023
1239,B,1,2023-03-27 15:43:44,3,2023
1240,B,1,2023-05-26 10:35:02,5,2023
1241,B,0,2023-05-24 12:52:16,5,2023
1242,B,1,2023-05-08 22:52:10,5,2023
1243,B,1,2023-09-28 22:50:02,9,2023
1244,B,1,2023-08-05 07:38:07,8,2023
1245,B,1,2023-06-23 02:21:54,6,2023
1246,B,1,2023-02-11 03:23:18,2,2023
1247,B,0,2023-07-28 07:36:00,7,2023
1248,B,1,2023-03-05 21:11:04,3,2023
1249,B,0,2023-04-25 15:59:48,4,2023
1250,B,0,2023-06-01 10:34:44,6,2023
1251,B,1,2023-02-21 13:41:38,2,2023
1252,B,1,2023-05-23 03:55:42,5,2023
1253,B,1,2023-04-08 10:20:19,4,2023
1254,B,0,2023-11-07 03:55:21,11,2023
1255,B,1,2023-11-10 18:47:57,11,2023
1256,B,0,2023-01-02 16:00:54,1,2023
1257,B,0,2023-08-08 21:10:21,8,2023
1258,B,0,2023-08-22 19:13:37,8,2023
1259,B,1,2023-05-18 23:10:50,5,2023
1260,B,0,2023-06-21 05:30:37,6,2023
1261,B,1,2023-10-16 07:34:35,10,2023
1262,B,1,2023-05-18 22:57:03,5,2023
1263,B,1,2023-01-24 12:38:49,1,2023
1264,B,0,2023-05-16 23:09:55,5,2023
1265,B,0,2023-04-03 16:05:09,4,2023
1266,B,0,2023-05-20 16:38:52,5,2023
1267,B,1,2023-03-25 23:42:13,3,2023
1268,B,0,2023-02-24 16:53:08,2,2023
1269,B,1,2023-12-26 15:47:36,12,2023
1270,B,1,2023-02-17 00:52:29,2,2023
1271,B,0,2023-09-15 17:25:24,9,2023
1272,B,1,2023-09-19 21:58:17,9,2023
1273,B,1,2023-08-14 11:48:17,8,2023
1274,B,0,2023-11-29 16:21:29,11,2023
1275,B,1,2023-01-02 19:40:05,1,2023
1276,B,1,2023-04-21 02:16:15,4,2023
1277,B,1,2023-03-09 06:33:20,3,2023
1278,B,1,2023-07-30 13:52:23,7,2023
1279,B,0,2023-08-20 23:20:30,8,2023
1280,B,0,2023-11-24 17:37:01,11,2023
1281,B,1,2023-05-19 14:20:28,5,2023
1282,B,1,2023-03-28 02:28:21,3,2023
1283,B,1,2023-12-04 08:41:46,12,2023
1284,B,0,2023-09-03 15:22:24,9,2023
1285,B,0,2023-10-07 02:59:02,10,2023
1286,B,0,2023-06-12 10:00:45,6,2023
1287,B,1,2023-06-13 07:05:04,6,2023
1288,B,1,2023-05-23 00:02:55,5,2023
1289,B,1,2023-10-01 13:45:04,10,2023
1290,B,0,2023-03-18 20:59:30,3,2023
1291,B,1,2023-12-23 00:32:30,12,2023
1292,B,0,2023-03-06 05:06:21,3,2023
1293,B,0,2023-06-18 06:11:31,6,2023
1294,B,1,2023-04-25 20:00:48,4,2023
1295,B,1,2023-08-23 12:31:36,8,2023
1296,B,1,2023-09-06 10:51:37,9,2023
1297,B,1,2023-12-02 07:30:07,12,2023
1298,B,1,2023-10-16 01:32:32,10,2023
1299,B,0,2023-04-01 18:23:24,4,2023
1300,B,1,2023-03-17 10:19:02,3,2023
1301,B,1,2023-11-20 14:14:50,11,2023
1302,B,0,2023-06-28 01:44:44,6,2023
1303,B,0,2023-02-05 14:29:29,2,2023
1304,B,1,2023-10-29 02:44:42,10,2023
1305,B,0,2023-08-25 16:24:21,8,2023
1306,B,0,2023-01-10 08:00:10,1,2023
1307,B,0,2023-10-13 17:39:44,10,2023
1308,B,0,2023-08-10 16:36:44,8,2023
1309,B,1,2023-08-13 07:57:01,8,2023
1310,B,0,2023-11-12 16:51:04,11,2023
1311,B,1,2023-06-30 20:53:05,6,2023
1312,B,0,2023-06-18 08:41:15,6,2023
1313,B,0,2023-08-14 07:57:38,8,2023
1314,B,1,2023-03-14 04:34:33,3,2023
1315,B,1,2023-02-25 08:34:26,2,2023
1316,B,0,2023-11-04 23:29:29,11,2023
1317,B,0,2023-03-20 16:23:57,3,2023
1318,B,1,2023-07-04 02:03:24,7,2023
1319,B,0,2023-04-09 12:19:05,4,2023
1320,B,0,2023-03-26 02:48:41,3,2023
1321,B,1,2023-08-07 04:32:49,8,2023
1322,B,1,2023-10-20 20:41:35,10,2023
1323,B,1,2023-06-11 07:03:12,6,2023
1324,B,0,2023-02-20 15:15:35,2,2023
1325,B,1,2023-03-31 05:36:30,3,2023
1326,B,0,2023-03-02 01:39:53,3,2023
1327,B,1,2023-11-19 05:24:35,11,2023
1328,B,0,2023-04-27 15:04:56,4,2023
1329,B,1,2023-05-17 11:33:19,5,2023
1330,B,1,2023-01-26 22:17:06,1,2023
1331,B,0,2023-06-12 19:14:16,6,2023
1332,B,1,2023-11-30 13:58:45,11,2023
1333,B,1,2023-05-30 12:58:53,5,2023
1334,B,0,2023-08-26 16:53:37,8,2023
1335,B,0,2023-03-08 09:49:13,3,2023
1336,B,0,2023-02-22 04:09:15,2,2023
1337,B,1,2023-09-25 01:03:09,9,2023
1338,B,0,2023-01-24 23:50:45,1,2023
1339,B,0,2023-06-13 16:29:39,6,2023
1340,B,1,2023-04-26 14:19:42,4,2023
1341,B,1,2023-01-06 22:24:44,1,2023
1342,B,0,2023-07-13 21:22:01,7,2023
1343,B,1,2023-12-18 20:45:36,12,2023
1344,B,0,2023-01-26 05:44:17,1,2023
1345,B,0,2023-10-25 18:05:21,10,2023
1346,B,0,2023-07-16 19:12:25,7,2023
1347,B,1,2023-09-22 02:22:47,9,2023
1348,B,1,2023-02-05 05:46:09,2,2023
1349,B,1,2023-11-14 05:14:41,11,2023
1350,B,1,2023-01-05 04:00:34,1,2023
1351,B,0,2023-11-27 23:37:53,11,2023
1352,B,0,2023-08-29 02:23:12,8,2023
1353,B,1,2023-05-04 04:24:35,5,2023
1354,B,1,2023-01-03 14:12:44,1,2023
1355,B,0,2023-08-11 23:59:52,8,2023
1356,B,1,2023-02-01 21:55:43,2,2023
1357,B,1,2023-08-11 05:09:23,8,2023
1358,B,1,2023-10-10 04:45:13,10,2023
1359,B,0,2023-04-08 13:32:42,4,2023
1360,B,1,2023-03-29 03:12:31,3,2023
1361,B,0,2023-03-23 00:18:06,3,2023
1362,B,1,2023-03-24 01:35:08,3,2023
1363,B,0,2023-02-11 13:49:39,2,2023
1364,B,1,2023-04-02 03:23:16,4,2023
1365,B,1,2023-08-29 15:35:32,8,2023
1366,B,1,2023-04-21 10:02:57,4,2023
1367,B,1,2023-10-13 00:51:01,10,2023
1368,B,1,2023-10-27 00:58:28,10,2023
1369,B,1,2023-10-05 17:56:53,10,2023
1370,B,1,2023-07-16 22:16:41,7,2023
1371,B,1,2023-04-26 10:34:20,4,2023
1372,B,0,2023-12-06 09:52:18,12,2023
1373,B,1,2023-03-16 22:04:34,3,2023
1374,B,0,2023-06-19 13:05:58,6,2023
1375,B,0,2023-06-15 13:39:36,6,2023
1376,B,1,2023-09-30 03:21:44,9,2023
1377,B,0,2023-07-19 14:05:09,7,2023
1378,B,0,2023-10-19 19:44:31,10,2023
1379,B,0,2023-12-02 11:12:11,12,2023
1380,B,1,2023-05-23 13:52:36,5,2023
1381,B,1,2023-11-16 07:27:02,11,2023
1382,B,1,2023-03-03 22:25:36,3,2023
1383,B,1,2023-12-01 08:40:15,12,2023
1384,B,0,2023-03-06 23:11:12,3,2023
1385,B,0,2023-11-07 08:17:54,11,2023
1386,B,1,2023-05-23 10:33:59,5,2023
1387,B,0,2023-12-19 01:43:52,12,2023
1388,B,1,2023-02-17 03:44:42,2,2023
1389,B,0,2023-06-19 21:46:47,6,2023
1390,B,1,2023-11-26 04:28:16,11,2023
1391,B,0,2023-01-18 07:52:04,1,2023
1392,B,0,2023-04-07 17:31:48,4,2023
1393,B,1,2023-01-31 12:00:12,1,2023
1394,B,1,2023-04-28 06:21:25,4,2023
1395,B,0,2023-05-23 10:49:08,5,2023
1396,B,1,2023-08-14 21:28:55,8,2023
1397,B,1,2023-04-05 01:20:20,4,2023
1398,B,0,2023-02-27 22:04:33,2,2023
1399,B,0,2023-03-04 00:40:46,3,2023
1400,B,1,2023-12-09 12:25:11,12,2023
1401,B,1,2023-12-14 22:03:54,12,2023
1402,B,1,2023-03-22 19:30:06,3,2023
1403,B,0,2023-03-13 07:52:32,3,2023
1404,B,1,2023-01-20 18:45:12,1,2023
1405,B,1,2023-12-17 04:09:44,12,2023
1406,B,1,2023-09-15 17:52:45,9,2023
1407,B,0,2023-10-05 16:56:53,10,2023
1408,B,1,2023-04-17 01:25:38,4,2023
1409,B,0,2023-08-22 22:41:02,8,2023
1410,B,0,2023-01-22 19:55:51,1,2023
1411,B,0,2023-09-04 17:55:33,9,2023
1412,B,0,2023-07-31 13:47:37,7,2023
1413,B,0,2023-05-01 23:42:54,5,2023
1414,B,0,2023-09-17 07:42:43,9,2023
1415,B,1,2023-08-24 22:42:03,8,2023
1416,B,0,2023-03-10 03:25:22,3,2023
1417,B,1,2023-01-09 14:26:29,1,2023
1418,B,1,2023-12-09 06:17:58,12,2023
1419,B,0,2023-04-13 16:42:23,4,2023
1420,B,0,2023-04-21 03:42:34,4,2023
1421,B,0,2023-09-06 14:08:18,9,2023
1422,B,1,2023-04-04 03:26:01,4,2023
1423,B,1,2023-05-18 03:36:35,5,2023
1424,B,1,2023-08-06 07:29:32,8,2023
1425,B,1,2023-08-28 14:29:26,8,2023
1426,B,1,2023-01-02 16:54:57,1,2023
1427,B,1,2023-06-14 17:22:42,6,2023
1428,B,1,2023-06-23 11:20:51,6,2023
1429,B,0,2023-08-19 20:13:44,8,2023
1430,B,1,2023-02-25 06:46:31,2,2023
1431,B,0,2023-02-28 05:09:33,2,2023
1432,B,0,2023-10-06 06:54:06,10,2023
1433,B,1,2023-09-03 18:21:21,9,2023
1434,B,1,2023-10-24 01:57:28,10,2023
1435,B,1,2023-04-09 18:32:58,4,2023
1436,B,0,2023-12-31 03:00:13,12,2023
1437,B,1,2023-04-10 14:02:35,4,2023
1438,B,1,2023-08-26 14:25:49,8,2023
1439,B,0,2023-03-01 04:41:46,3,2023
1440,B,0,2023-12-02 06:05:04,12,2023
1441,B,1,2023-05-02 07:37:25,5,2023
1442,B,1,2023-10-20 21:42:25,10,2023
1443,B,1,2023-05-01 21:45:33,5,2023
1444,B,1,2023-10-16 15:49:37,10,2023
1445,B,1,2023-06-15 18:36:29,6,2023
1446,B,0,2023-01-23 19:25:11,1,2023
1447,B,0,2023-03-11 12:04:29,3,2023
1448,B,1,2023-09-07 10:55:39,9,2023
1449,B,0,2023-03-12 10:44:45,3,2023
1450,B,1,2023-04-11 11:47:20,4,2023
1451,B,0,2023-07-17 17:37:47,7,2023
1452,B,0,2023-04-03 08:42:22,4,2023
1453,B,0,2023-02-17 00:57:57,2,2023
1454,B,0,2023-08-16 20:50:59,8,2023
1455,B,1,2023-09-09 10:44:16,9,2023
1456,B,1,2023-09-25 13:30:11,9,2023
1457,B,1,2023-12-11 12:58:36,12,2023
1458,B,1,2023-02-15 10:33:59,2,2023
1459,B,0,2023-06-05 18:43:46,6,2023
1460,B,1,2023-03-27 09:48:03,3,2023
1461,B,0,2023-11-25 21:40:57,11,2023
1462,B,1,2023-07-17 00:34:37,7,2023
1463,B,1,2023-02-05 21:15:12,2,2023
1464,B,1,2023-09-10 15:12:53,9,2023
1465,B,0,2023-01-16 16:18:31,1,2023
1466,B,0,2023-04-11 01:45:06,4,2023
1467,B,1,2023-09-21 07:11:28,9,2023
1468,B,1,2023-07-04 16:36:20,7,2023
1469,B,0,2023-10-05 18:32:56,10,2023
1470,B,1,2023-07-28 11:37:22,7,2023
1471,B,0,2023-11-04 17:11:24,11,2023
1472,B,1,2023-07-25 08:04:38,7,2023
1473,B,1,2023-01-21 17:43:22,1,2023
1474,B,1,2023-01-27 00:15:06,1,2023
1475,B,1,2023-10-11 13:42:20,10,2023
1476,B,1,2023-01-15 02:09:01,1,2023
1477,B,1,2023-05-18 10:28:45,5,2023
1478,B,0,2023-01-06 21:04:07,1,2023
1479,B,1,2023-04-21 17:14:15,4,2023
1480,B,1,2023-08-06 05:24:00,8,2023
1481,B,1,2023-03-05 03:41:22,3,2023
1482,B,1,2023-06-20 03:01:32,6,2023
1483,B,0,2023-12-30 13:05:52,12,2023
1484,B,1,2023-01-26 17:31:47,1,2023
1485,B,0,2023-01-24 05:41:34,1,2023
1486,B,1,2023-04-10 00:07:53,4,2023
1487,B,0,2023-10-29 20:35:24,10,2023
1488,B,1,2023-05-29 02:47:14,5,2023
1489,B,0,2023-08-22 09:58:16,8,2023
1490,B,1,2023-01-13 08:42:18,1,2023
1491,B,1,2023-09-26 07:18:16,9,2023
1492,B,0,2023-01-25 14:39:01,1,2023
1493,B,0,2023-09-17 18:38:31,9,2023
1494,B,0,2023-02-23 23:46:23,2,2023
1495,B,1,2023-11-10 07:53:09,11,2023
1496,B,0,2023-04-19 02:07:30,4,2023
1497,B,0,2023-03-09 02:01:06,3,2023
1498,B,0,2023-05-03 21:32:06,5,2023
1499,B,1,2023-01-01 07:13:25,1,2023
1500,B,0,2023-03-02 06:28:38,3,2023
1501,B,0,2023-08-07 11:06:34,8,2023
1502,B,0,2023-04-20 18:49:36,4,2023
1503,B,1,2023-05-10 03:48:06,5,2023
1504,B,1,2023-10-22 15:19:50,10,2023
1505,B,0,2023-02-15 04:22:37,2,2023
1506,B,1,2023-05-25 12:00:45,5,2023
1507,B,0,2023-03-09 22:34:31,3,2023
1508,B,1,2023-06-26 05:44:47,6,2023
1509,B,1,2023-05-02 02:07:26,5,2023
1510,B,0,2023-01-17 20:58:01,1,2023
1511,B,1,2023-01-26 15:14:39,1,2023
1512,B,1,2023-11-08 02:26:51,11,2023
1513,B,0,2023-01-21 18:33:34,1,2023
1514,B,0,2023-10-13 16:32:12,10,2023
1515,B,0,2023-12-01 08:23:23,12,2023
1516,B,1,2023-06-20 00:29:54,6,2023
1517,B,1,2023-04-24 22:01:12,4,2023
1518,B,0,2023-10-11 08:32:23,10,2023
1519,B,1,2023-12-25 12:20:27,12,2023
1520,B,1,2023-02-13 22:56:32,2,2023
1521,B,1,2023-12-18 23:51:17,12,2023
1522,B,1,2023-12-11 11:08:03,12,2023
1523,B,0,2023-02-22 00:55:27,2,2023
1524,B,0,2023-01-20 23:30:27,1,2023
1525,B,0,2023-09-18 22:44:12,9,2023
1526,B,1,2023-01-29 08:22:32,1,2023
1527,B,1,2023-08-08 07:03:02,8,2023
1528,B,1,2023-01-24 15:15:56,1,2023
1529,B,1,2023-09-10 02:04:06,9,2023
1530,B,1,2023-03-26 13:44:07,3,2023
1531,B,1,2023-02-05 02:37:59,2,2023
1532,B,1,2023-01-25 07:32:56,1,2023
1533,B,0,2023-03-10 19:47:10,3,2023
1534,B,0,2023-07-17 08:59:22,7,2023
1535,B,1,2023-01-28 23:21:16,1,2023
1536,B,1,2023-10-20 19:54:52,10,2023
1537,B,0,2023-08-09 12:12:56,8,2023
1538,B,0,2023-04-19 12:21:57,4,2023
1539,B,0,2023-12-27 02:32:16,12,2023
1540,B,1,2023-08-29 08:48:14,8,2023
1541,B,0,2023-09-03 06:35:04,9,2023
1542,B,1,2023-03-05 11:46:18,3,2023
1543,B,1,2023-09-17 10:16:15,9,2023
1544,B,1,2023-07-24 02:32:17,7,2023
1545,B,1,2023-12-26 08:57:53,12,2023
1546,B,1,2023-06-24 11:15:22,6,2023
1547,B,1,2023-09-05 11:22:52,9,2023
1548,B,0,2023-05-05 12:17:21,5,2023
1549,B,1,2023-01-15 15:59:26,1,2023
1550,B,1,2023-02-16 16:33:01,2,2023
1551,B,1,2023-11-13 10:58:08,11,2023
1552,B,1,2023-09-27 09:56:44,9,2023
1553,B,1,2023-05-14 02:34:54,5,2023
1554,B,1,2023-09-12 16:56:43,9,2023
1555,B,1,2023-01-02 14:13:31,1,2023
1556,B,0,2023-01-14 13:42:35,1,2023
1557,B,0,2023-07-05 03:22:17,7,2023
1558,B,1,2023-08-17 02:41:09,8,2023
1559,B,0,2023-12-09 00:15:05,12,2023
1560,B,0,2023-10-05 06:36:49,10,2023
1561,B,0,2023-04-04 22:13:00,4,2023
1562,B,0,2023-10-25 12:35:33,10,2023
1563,B,0,2023-06-29 09:39:19,6,2023
1564,B,0,2023-10-29 12:01:37,10,2023
1565,B,0,2023-03-05 10:17:07,3,2023
1566,B,1,2023-01-10 13:44:24,1,2023
1567,B,1,2023-01-22 01:23:16,1,2023
1568,B,1,2023-12-28 16:08:33,12,2023
1569,B,1,2023-01-30 09:34:25,1,2023
1570,B,1,2023-12-09 20:44:08,12,2023
1571,B,1,2023-09-23 08:36:55,9,2023
1572,B,0,2023-02-23 07:18:10,2,2023
1573,B,0,2023-11-12 09:17:32,11,2023
1574,B,0,2023-02-22 15:16:58,2,2023
1575,B,1,2023-02-22 07:17:52,2,2023
1576,B,1,2023-07-30 01:34:17,7,2023
1577,B,0,2023-04-16 05:40:14,4,2023
1578,B,0,2023-04-17 03:36:54,4,2023
1579,B,0,2023-03-13 04:27:29,3,2023
1580,B,0,2023-08-10 19:16:26,8,2023
1581,B,0,2023-01-10 19:15:23,1,2023
1582,B,1,2023-03-31 10:50:50,3,2023
1583,B,1,2023-07-22 00:03:31,7,2023
1584,B,1,2023-06-27 14:07:46,6,2023
1585,B,0,2023-09-13 11:19:05,9,2023
1586,B,0,2023-03-20 22:17:25,3,2023
1587,B,1,2023-08-25 11:24:24,8,2023
1588,B,0,2023-10-05 09:06:00,10,2023
1589,B,1,2023-05-22 15:20:56,5,2023
1590,B,1,2023-04-04 17:39:34,4,2023
1591,B,1,2023-07-22 13:53:23,7,2023
1592,B,1,2023-07-31 06:49:24,7,2023
1593,B,0,2023-02-04 08:18:35,2,2023
1594,B,1,2023-07-26 06:23:14,7,2023
1595,B,0,2023-02-26 07:42:02,2,2023
1596,B,0,2023-07-27 14:54:56,7,2023
1597,B,1,2023-12-07 02:31:15,12,2023
1598,B,1,2023-07-16 00:45:10,7,2023
1599,B,0,2023-10-05 22:48:28,10,2023
1600,B,1,2023-04-24 01:00:31,4,2023
1601,B,0,2023-12-03 19:11:40,12,2023
1602,B,1,2023-10-24 15:45:38,10,2023
1603,B,0,2023-12-01 14:07:09,12,2023
1604,B,0,2023-09-28 16:23:07,9,2023
1605,B,1,2023-08-26 00:40:45,8,2023
1606,B,1,2023-07-11 15:00:52,7,2023
1607,B,0,2023-12-05 19:22:14,12,2023
1608,B,1,2023-11-06 14:09:56,11,2023
1609,B,1,2023-06-02 02:19:40,6,2023
1610,B,1,2023-02-01 06:18:49,2,2023
1611,B,1,2023-01-02 07:40:41,1,2023
1612,B,0,2023-03-27 05:18:14,3,2023
1613,B,0,2023-01-23 20:07:22,1,2023
1614,B,1,2023-03-19 04:45:23,3,2023
1615,B,0,2023-02-09 23:06:32,2,2023
1616,B,1,2023-12-25 02:00:56,12,2023
1617,B,1,2023-02-04 19:17:46,2,2023
1618,B,0,2023-08-17 19:33:59,8,2023
1619,B,0,2023-05-09 08:54:46,5,2023
1620,B,1,2023-03-05 14:07:39,3,2023
1621,B,1,2023-09-13 23:07:56,9,2023
1622,B,1,2023-12-21 06:03:41,12,2023
1623,B,0,2023-10-16 14:05:00,10,2023
1624,B,1,2023-12-22 23:05:40,12,2023
1625,B,1,2023-08-04 10:16:05,8,2023
1626,B,0,2023-09-03 20:30:49,9,2023
1627,B,1,2023-02-23 10:46:51,2,2023
1628,B,1,2023-11-08 03:10:01,11,2023
1629,B,1,2023-09-30 23:37:04,9,2023
1630,B,1,2023-04-03 17:15:03,4,2023
1631,B,1,2023-05-10 12:03:53,5,2023
1632,B,0,2023-08-11 23:23:51,8,2023
1633,B,0,2023-01-05 17:49:18,1,2023
1634,B,0,2023-10-26 12:54:59,10,2023
1635,B,0,2023-04-13 09:57:22,4,2023
1636,B,1,2023-01-28 08:48:09,1,2023
1637,B,1,2023-05-01 16:03:39,5,2023
1638,B,0,2023-11-02 01:19:59,11,2023
1639,B,1,2023-04-11 02:23:27,4,2023
1640,B,0,2023-07-16 19:18:37,7,2023
1641,B,0,2023-10-24 07:58:57,10,2023
1642,B,1,2023-01-13 07:18:31,1,2023
1643,B,1,2023-10-05 08:57:18,10,2023
1644,B,1,2023-04-16 08:56:58,4,2023
1645,B,1,2023-09-11 21:02:08,9,2023
1646,B,1,2023-03-10 15:41:14,3,2023
1647,B,1,2023-02-20 17:41:04,2,2023
1648,B,0,2023-10-15 17:29:29,10,2023
1649,B,0,2023-10-22 20:37:30,10,2023
1650,B,0,2023-12-25 04:24:40,12,2023
1651,B,1,2023-09-05 04:03:41,9,2023
1652,B,1,2023-06-20 01:06:14,6,2023
1653,B,1,2023-03-13 02:46:41,3,2023
1654,B,1,2023-04-18 18:06:17,4,2023
1655,B,0,2023-08-25 13:18:10,8,2023
1656,B,1,2023-05-07 07:51:40,5,2023
1657,B,1,2023-06-26 11:33:43,6,2023
1658,B,0,2023-03-03 08:14:29,3,2023
1659,B,1,2023-06-10 08:42:23,6,2023
1660,B,1,2023-03-28 20:38:07,3,2023
1661,B,1,2023-02-10 22:11:56,2,2023
1662,B,0,2023-02-18 03:51:58,2,2023
1663,B,0,2023-07-09 04:20:43,7,2023
1664,B,1,2023-05-14 17:51:02,5,2023
1665,B,0,2023-02-06 11:24:09,2,2023
1666,B,0,2023-07-07 17:15:30,7,2023
1667,B,0,2023-03-01 22:51:34,3,2023
1668,B,1,2023-01-06 15:17:29,1,2023
1669,B,1,2023-02-18 09:06:20,2,2023
1670,B,0,2023-06-13 17:04:20,6,2023
1671,B,1,2023-12-15 05:59:18,12,2023
1672,B,0,2023-03-30 05:02:47,3,2023
1673,B,0,2023-04-14 23:24:52,4,2023
1674,B,1,2023-03-30 13:39:18,3,2023
1675,B,0,2023-05-10 15:35:23,5,2023
1676,B,0,2023-09-19 19:46:59,9,2023
1677,B,0,2023-04-28 13:25:33,4,2023
1678,B,1,2023-08-29 00:18:03,8,2023
1679,B,0,2023-11-24 20:40:26,11,2023
1680,B,1,2023-12-12 08:33:18,12,2023
1681,B,0,2023-07-25 11:34:52,7,2023
1682,B,0,2023-09-18 07:58:34,9,2023
1683,B,0,2023-12-02 11:50:26,12,2023
1684,B,1,2023-10-15 03:25:08,10,2023
1685,B,1,2023-04-20 11:20:31,4,2023
1686,B,1,2023-02-18 04:34:08,2,2023
1687,B,1,2023-02-11 21:57:06,2,2023
1688,B,1,2023-11-18 22:46:35,11,2023
1689,B,0,2023-07-23 00:28:25,7,2023
1690,B,1,2023-04-19 03:59:29,4,2023
1691,B,0,2023-05-07 02:54:14,5,2023
1692,B,0,2023-04-13 19:31:50,4,2023
1693,B,1,2023-10-20 16:42:13,10,2023
1694,B,0,2023-08-12 12:41:59,8,2023
1695,B,0,2023-11-17 23:44:56,11,2023
1696,B,1,2023-04-21 03:31:40,4,2023
1697,B,1,2023-06-22 11:44:38,6,2023
1698,B,0,2023-02-14 10:23:46,2,2023
1699,B,0,2023-12-21 13:06:18,12,2023
1700,B,0,2023-07-06 19:55:35,7,2023
1701,B,0,2023-07-21 20:23:38,7,2023
1702,B,0,2023-05-31 23:43:14,5,2023
1703,B,1,2023-04-09 21:15:45,4,2023
1704,B,0,2023-12-13 04:01:56,12,2023
1705,B,1,2023-06-28 11:25:31,6,2023
1706,B,0,2023-09-04 06:59:59,9,2023
1707,B,1,2023-01-14 14:50:17,1,2023
1708,B,1,2023-04-11 17:08:57,4,2023
1709,B,0,2023-10-21 11:03:00,10,2023
1710,B,1,2023-02-02 01:26:02,2,2023
1711,B,0,2023-02-07 00:34:15,2,2023
1712,B,1,2023-10-23 14:11:14,10,2023
1713,B,0,2023-04-23 16:38:12,4,2023
1714,B,0,2023-04-10 23:10:42,4,2023
1715,B,1,2023-07-26 08:10:22,7,2023
1716,B,0,2023-03-13 03:30:49,3,2023
1717,B,1,2023-01-16 16:27:43,1,2023
1718,B,0,2023-01-02 14:58:49,1,2023
1719,B,0,2023-01-29 22:48:57,1,2023
1720,B,0,2023-02-27 20:43:55,2,2023
1721,B,1,2023-09-12 01:58:45,9,2023
1722,B,1,2023-04-19 18:02:49,4,2023
1723,B,0,2023-01-27 04:46:02,1,2023
1724,B,0,2023-01-06 06:21:31,1,2023
1725,B,1,2023-06-24 03:14:45,6,2023
1726,B,1,2023-11-03 15:31:14,11,2023
1727,B,1,2023-05-04 14:58:25,5,2023
1728,B,0,2023-01-24 07:20:04,1,2023
1729,B,1,2023-03-25 05:58:32,3,2023
1730,B,1,2023-07-02 06:27:31,7,2023
1731,B,0,2023-03-10 21:42:11,3,2023
1732,B,1,2023-12-24 03:28:16,12,2023
1733,B,0,2023-10-06 15:28:58,10,2023
1734,B,1,2023-05-06 18:30:45,5,2023
1735,B,0,2023-12-14 07:30:34,12,2023
1736,B,0,2023-04-29 15:10:57,4,2023
1737,B,0,2023-02-21 03:58:28,2,2023
1738,B,1,2023-12-09 11:21:58,12,2023
1739,B,1,2023-12-17 06:48:26,12,2023
1740,B,0,2023-04-25 02:52:30,4,2023
1741,B,1,2023-08-06 02:07:10,8,2023
1742,B,1,2023-03-05 06:02:31,3,2023
1743,B,1,2023-08-23 04:56:42,8,2023
1744,B,0,2023-09-09 21:26:19,9,2023
1745,B,0,2023-09-17 02:57:18,9,2023
1746,B,0,2023-07-27 14:07:16,7,2023
1747,B,0,2023-09-15 00:04:53,9,2023
1748,B,1,2023-07-22 14:13:45,7,2023
1749,B,1,2023-10-27 05:32:43,10,2023
1750,B,1,2023-03-07 13:11:00,3,2023
1751,B,0,2023-06-26 11:11:07,6,2023
1752,B,1,2023-06-01 23:37:21,6,2023
1753,B,0,2023-07-14 16:13:16,7,2023
1754,B,0,2023-02-21 20:38:52,2,2023
1755,B,1,2023-04-29 04:43:28,4,2023
1756,B,0,2023-12-15 06:16:20,12,2023
1757,B,1,2023-02-08 10:03:23,2,2023
1758,B,0,2023-08-20 21:17:26,8,2023
1759,B,0,2023-08-31 14:14:53,8,2023
1760,B,0,2023-06-23 04:45:27,6,2023
1761,B,1,2023-01-13 06:25:23,1,2023
1762,B,1,2023-01-13 12:57:35,1,2023
1763,B,1,2023-04-11 14:33:46,4,2023
1764,B,1,2023-02-07 10:01:23,2,2023
1765,B,1,2023-02-04 09:27:13,2,2023
1766,B,1,2023-02-28 10:39:40,2,2023
1767,B,0,2023-03-11 14:46:11,3,2023
1768,B,1,2023-11-03 01:02:46,11,2023
1769,B,1,2023-08-22 03:16:58,8,2023
1770,B,0,2023-01-12 02:23:23,1,2023
1771,B,0,2023-08-18 09:27:19,8,2023
1772,B,0,2023-02-19 21:34:08,2,2023
1773,B,0,2023-06-03 16:26:27,6,2023
1774,B,0,2023-01-14 21:16:42,1,2023
1775,B,0,2023-02-02 21:54:23,2,2023
1776,B,1,2023-02-18 09:31:59,2,2023
1777,B,0,2023-06-08 04:21:19,6,2023
1778,B,1,2023-06-19 00:35:18,6,2023
1779,B,1,2023-05-09 18:02:42,5,2023
1780,B,1,2023-08-15 08:41:01,8,2023
1781,B,1,2023-09-20 23:13:19,9,2023
1782,B,0,2023-09-23 23:41:59,9,2023
1783,B,1,2023-07-31 08:16:23,7,2023
1784,B,1,2023-07-19 03:04:14,7,2023
1785,B,1,2023-06-29 10:06:58,6,2023
1786,B,0,2023-03-28 20:18:29,3,2023
1787,B,1,2023-06-27 17:57:46,6,2023
1788,B,0,2023-01-04 16:27:31,1,2023
1789,B,0,2023-12-19 16:45:38,12,2023
1790,B,1,2023-05-16 02:01:08,5,2023
1791,B,0,2023-10-04 01:08:14,10,2023
1792,B,1,2023-12-16 04:43:37,12,2023
1793,B,1,2023-07-01 09:32:27,7,2023
1794,B,0,2023-11-11 13:36:20,11,2023
1795,B,0,2023-06-24 21:59:24,6,2023
1796,B,1,2023-02-18 06:51:08,2,2023
1797,B,0,2023-01-10 15:57:24,1,2023
1798,B,1,2023-02-19 12:03:09,2,2023
1799,B,0,2023-12-11 00:22:52,12,2023
1800,B,0,2023-06-23 09:56:57,6,2023
1801,B,0,2023-04-27 11:57:50,4,2023
1802,B,0,2023-06-12 19:29:38,6,2023
1803,B,1,2023-04-04 10:01:34,4,2023
1804,B,0,2023-11-14 18:02:38,11,2023
1805,B,0,2023-12-31 18:49:19,12,2023
1806,B,0,2023-01-31 23:51:53,1,2023
1807,B,1,2023-09-20 07:43:17,9,2023
1808,B,1,2023-05-03 11:51:26,5,2023
1809,B,1,2023-01-18 06:54:23,1,2023
1810,B,1,2023-12-03 14:33:45,12,2023
1811,B,1,2023-01-23 14:07:00,1,2023
1812,B,1,2023-03-17 03:42:19,3,2023
1813,B,0,2023-01-10 07:23:37,1,2023
1814,B,1,2023-06-22 00:26:24,6,2023
1815,B,0,2023-08-07 20:39:41,8,2023
1816,B,1,2023-04-28 01:05:46,4,2023
1817,B,0,2023-01-27 02:54:18,1,2023
1818,B,1,2023-02-12 09:31:06,2,2023
1819,B,1,2023-12-07 16:28:55,12,2023
1820,B,0,2023-10-22 03:49:54,10,2023
1821,B,0,2023-12-08 23:18:04,12,2023
1822,B,1,2023-07-13 17:50:29,7,2023
1823,B,1,2023-07-19 07:26:01,7,2023
1824,B,0,2023-10-14 21:19:55,10,2023
1825,B,0,2023-08-14 01:45:25,8,2023
1826,B,1,2023-06-09 07:13:15,6,2023
1827,B,1,2023-04-17 12:59:41,4,2023
1828,B,1,2023-06-27 05:02:41,6,2023
1829,B,0,2023-01-24 08:23:58,1,2023
1830,B,1,2023-03-12 05:50:50,3,2023
1831,B,1,2023-09-27 04:09:12,9,2023
1832,B,0,2023-11-13 20:09:08,11,2023
1833,B,1,2023-02-07 03:38:42,2,2023
1834,B,1,2023-02-05 08:54:14,2,2023
1835,B,1,2023-02-01 05:29:05,2,2023
1836,B,1,2023-10-16 22:13:29,10,2023
1837,B,1,2023-04-24 14:18:51,4,2023
1838,B,1,2023-04-30 06:27:18,4,2023
1839,B,0,2023-01-05 13:11:57,1,2023
1840,B,0,2023-12-21 23:58:25,12,2023
1841,B,1,2023-06-08 10:09:07,6,2023
1842,B,0,2023-10-19 01:37:56,10,2023
1843,B,1,2023-09-16 07:17:05,9,2023
1844,B,0,2023-02-21 17:57:00,2,2023
1845,B,1,2023-10-20 11:48:59,10,2023
1846,B,0,2023-07-20 20:39:40,7,2023
1847,B,1,2023-08-09 13:43:55,8,2023
1848,B,0,2023-03-15 02:46:04,3,2023
1849,B,1,2023-11-06 02:37:04,11,2023
1850,B,0,2023-12-07 01:24:09,12,2023
1851,B,1,2023-05-29 08:57:33,5,2023
1852,B,0,2023-02-03 18:06:05,2,2023
1853,B,1,2023-11-06 19:14:36,11,2023
1854,B,0,2023-11-20 21:33:32,11,2023
1855,B,0,2023-07-04 20:42:22,7,2023
1856,B,0,2023-07-31 09:20:34,7,2023
1857,B,1,2023-03-23 09:47:47,3,2023
1858,B,1,2023-01-25 15:03:55,1,2023
1859,B,1,2023-12-11 14:42:57,12,2023
1860,B,1,2023-06-26 06:42:30,6,2023
1861,B,0,2023-04-11 08:44:41,4,2023
1862,B,0,2023-09-11 00:43:02,9,2023
1863,B,0,2023-01-30 04:16:28,1,2023
1864,B,1,2023-03-30 13:49:28,3,2023
1865,B,0,2023-06-14 11:41:08,6,2023
1866,B,0,2023-05-14 20:10:58,5,2023
1867,B,0,2023-03-10 09:09:35,3,2023
1868,B,1,2023-05-09 05:49:23,5,2023
1869,B,1,2023-05-02 21:03:53,5,2023
1870,B,0,2023-07-11 12:05:14,7,2023
1871,B,1,2023-07-25 09:36:57,7,2023
1872,B,1,2023-11-19 08:11:29,11,2023
1873,B,0,2023-10-22 11:22:48,10,2023
1874,B,0,2023-04-17 16:52:58,4,2023
1875,B,0,2023-11-26 11:22:08,11,2023
1876,B,0,2023-07-10 01:57:01,7,2023
1877,B,1,2023-03-10 12:03:23,3,2023
1878,B,1,2023-05-05 03:37:02,5,2023
1879,B,1,2023-09-28 17:50:21,9,2023
1880,B,0,2023-10-27 22:43:55,10,2023
1881,B,1,2023-05-17 13:19:48,5,2023
1882,B,0,2023-02-27 12:35:21,2,2023
1883,B,1,2023-03-12 00:55:45,3,2023
1884,B,0,2023-02-07 18:44:59,2,2023
1885,B,1,2023-09-13 00:56:32,9,2023
1886,B,1,2023-07-03 14:14:18,7,2023
1887,B,1,2023-06-14 16:21:44,6,2023
1888,B,1,2023-09-03 05:44:06,9,2023
1889,B,0,2023-10-30 11:06:57,10,2023
1890,B,1,2023-10-18 08:48:02,10,2023
1891,B,1,2023-02-20 01:23:15,2,2023
1892,B,0,2023-08-04 05:06:49,8,2023
1893,B,0,2023-11-19 02:49:20,11,2023
1894,B,1,2023-10-10 10:55:26,10,2023
1895,B,1,2023-05-01 05:39:17,5,2023
1896,B,1,2023-05-24 08:08:24,5,2023
1897,B,0,2023-11-21 22:07:02,11,2023
1898,B,1,2023-01-12 23:55:14,1,2023
1899,B,1,2023-07-11 18:40:39,7,2023
1900,B,1,2023-02-12 09:01:47,2,2023
1901,B,0,2023-11-23 12:35:30,11,2023
1902,B,1,2023-01-15 03:12:35,1,2023
1903,B,0,2023-01-09 12:54:23,1,2023
1904,B,1,2023-05-01 01:32:46,5,2023
1905,B,0,2023-03-15 01:27:14,3,2023
1906,B,1,2023-06-30 20:30:14,6,2023
1907,B,1,2023-04-20 08:13:34,4,2023
1908,B,1,2023-05-11 01:20:28,5,2023
1909,B,0,2023-07-26 04:43:05,7,2023
1910,B,0,2023-07-24 14:51:05,7,2023
1911,B,1,2023-12-08 05:59:50,12,2023
1912,B,1,2023-06-25 10:08:10,6,2023
1913,B,0,2023-07-25 22:40:06,7,2023
1914,B,1,2023-09-05 10:46:44,9,2023
1915,B,1,2023-03-05 14:16:38,3,2023
1916,B,1,2023-09-01 10:35:18,9,2023
1917,B,0,2023-11-11 14:20:40,11,2023
1918,B,0,2023-04-27 02:14:30,4,2023
1919,B,0,2023-03-07 02:15:31,3,2023
1920,B,0,2023-05-07 08:50:19,5,2023
1921,B,1,2023-04-11 09:20:25,4,2023
1922,B,1,2023-08-02 13:53:41,8,2023
1923,B,1,2023-11-12 06:19:35,11,2023
1924,B,1,2023-08-06 16:44:54,8,2023
1925,B,1,2023-02-15 19:28:49,2,2023
1926,B,1,2023-04-25 20:46:16,4,2023
1927,B,1,2023-09-09 14:24:02,9,2023
1928,B,0,2023-05-01 13:35:04,5,2023
1929,B,1,2023-08-03 00:47:05,8,2023
1930,B,1,2023-09-11 07:50:03,9,2023
1931,B,0,2023-05-01 03:30:35,5,2023
1932,B,0,2023-08-25 07:19:07,8,2023
1933,B,0,2023-05-26 07:30:02,5,2023
1934,B,0,2023-02-19 07:02:42,2,2023
1935,B,0,2023-05-16 20:18:50,5,2023
1936,B,1,2023-06-10 23:31:36,6,2023
1937,B,1,2023-01-01 20:54:37,1,2023
1938,B,0,2023-11-22 20:06:18,11,2023
1939,B,1,2023-07-12 16:18:57,7,2023
1940,B,1,2023-01-14 06:02:15,1,2023
1941,B,1,2023-11-13 19:36:33,11,2023
1942,B,1,2023-11-09 03:14:10,11,2023
1943,B,1,2023-01-05 09:32:45,1,2023
1944,B,1,2023-03-01 13:26:26,3,2023
1945,B,0,2023-05-13 18:50:12,5,2023
1946,B,0,2023-07-05 03:29:52,7,2023
1947,B,1,2023-09-22 21:41:10,9,2023
1948,B,0,2023-06-04 21:11:13,6,2023
1949,B,1,2023-08-12 06:38:43,8,2023
1950,B,0,2023-01-04 16:43:58,1,2023
1951,B,0,2023-08-29 08:48:12,8,2023
1952,B,1,2023-12-01 02:52:37,12,2023
1953,B,0,2023-07-12 01:34:58,7,2023
1954,B,0,2023-06-16 01:08:41,6,2023
1955,B,0,2023-04-19 10:45:23,4,2023
1956,B,0,2023-12-15 07:23:24,12,2023
1957,B,0,2023-01-13 02:51:35,1,2023
1958,B,1,2023-04-15 15:52:35,4,2023
1959,B,0,2023-02-20 15:04:57,2,2023
1960,B,0,2023-11-13 04:34:32,11,2023
1961,B,0,2023-06-26 03:37:18,6,2023
1962,B,1,2023-12-03 16:07:57,12,2023
1963,B,0,2023-08-31 18:47:04,8,2023
1964,B,1,2023-07-23 05:51:07,7,2023
1965,B,0,2023-07-08 21:03:33,7,2023
1966,B,1,2023-03-15 23:27:26,3,2023
1967,B,0,2023-07-25 03:32:31,7,2023
1968,B,0,2023-09-08 02:46:03,9,2023
1969,B,1,2023-12-19 08:24:41,12,2023
1970,B,1,2023-07-20 09:02:52,7,2023
1971,B,1,2023-12-09 16:12:28,12,2023
1972,B,0,2023-12-11 18:04:47,12,2023
1973,B,0,2023-07-10 17:33:51,7,2023
1974,B,1,2023-06-10 08:01:23,6,2023
1975,B,1,2023-02-22 02:04:53,2,2023
1976,B,1,2023-04-09 00:10:46,4,2023
1977,B,1,2023-11-17 20:51:30,11,2023
1978,B,0,2023-02-20 11:23:38,2,2023
1979,B,0,2023-05-25 22:13:42,5,2023
1980,B,1,2023-09-13 00:01:48,9,2023
1981,B,0,2023-03-29 19:50:53,3,2023
1982,B,1,2023-12-22 13:12:00,12,2023
1983,B,0,2023-08-26 01:28:50,8,2023
1984,B,1,2023-01-11 08:17:29,1,2023
1985,B,0,2023-04-01 05:13:41,4,2023
1986,B,0,2023-09-28 06:18:04,9,2023
1987,B,1,2023-11-12 01:33:28,11,2023
1988,B,0,2023-12-05 07:54:35,12,2023
1989,B,0,2023-11-07 16:14:59,11,2023
1990,B,1,2023-01-28 07:05:10,1,2023
1991,B,1,2023-09-24 08:03:31,9,2023
1992,B,0,2023-02-10 05:05:22,2,2023
1993,B,1,2023-01-28 22:35:13,1,2023
1994,B,1,2023-09-10 13:32:39,9,2023
1995,B,1,2023-06-24 12:43:51,6,2023
1996,B,0,2023-08-25 12:09:33,8,2023
1997,B,1,2023-11-07 19:00:28,11,2023
1998,B,1,2023-01-26 02:55:41,1,2023
1999,B,0,2023-07-12 13:10:07,7,2023
2000,B,1,2023-11-01 13:32:35,11,2023
2001,B,0,2023-06-10 16:57:55,6,2023
2002,B,1,2023-07-11 01:11:34,7,2023
2003,B,0,2023-07-01 17:11:46,7,2023
2004,B,0,2023-11-28 03:02:56,11,2023
2005,B,1,2023-01-19 05:04:03,1,2023
2006,B,0,2023-11-17 11:12:00,11,2023
2007,B,1,2023-10-25 23:30:57,10,2023
2008,B,1,2023-10-24 13:34:04,10,2023
2009,B,1,2023-05-31 11:38:09,5,2023
2010,B,0,2023-07-08 07:16:27,7,2023
2011,B,1,2023-05-15 16:17:52,5,2023
2012,B,1,2023-04-02 20:59:06,4,2023
2013,B,1,2023-11-16 12:48:25,11,2023
2014,B,1,2023-07-04 16:20:43,7,2023
2015,B,1,2023-09-22 00:30:46,9,2023
2016,B,1,2023-02-06 19:06:27,2,2023
2017,B,1,2023-10-15 22:59:33,10,2023
2018,B,1,2023-08-29 11:29:32,8,2023
2019,B,0,2023-12-31 03:03:59,12,2023
2020,B,1,2023-02-18 21:38:25,2,2023
2021,B,0,2023-07-17 02:45:13,7,2023
2022,B,1,2023-07-06 13:52:30,7,2023
2023,B,1,2023-07-16 12:22:51,7,2023
2024,B,1,2023-01-20 20:23:09,1,2023
2025,B,1,2023-06-22 16:32:59,6,2023
2026,B,1,2023-04-20 07:43:45,4,2023
2027,B,0,2023-08-14 08:00:56,8,2023
2028,B,1,2023-03-26 17:01:29,3,2023
2029,B,1,2023-06-08 19:03:24,6,2023
2030,B,0,2023-08-15 07:28:34,8,2023
2031,B,1,2023-01-24 09:02:15,1,2023
2032,B,1,2023-10-15 04:15:05,10,2023
2033,B,1,2023-09-19 05:50:11,9,2023
2034,B,1,2023-01-21 21:58:25,1,2023
2035,B,1,2023-01-24 15:05:12,1,2023
2036,B,0,2023-11-07 08:29:06,11,2023
2037,B,0,2023-04-14 09:58:40,4,2023
2038,B,1,2023-11-11 04:19:30,11,2023
2039,B,0,2023-07-02 05:27:11,7,2023
2040,B,0,2023-05-05 22:16:37,5,2023
2041,B,1,2023-04-10 20:23:19,4,2023
2042,B,0,2023-08-29 12:52:32,8,2023
2043,B,0,2023-02-10 01:12:28,2,2023
2044,B,0,2023-05-27 22:53:24,5,2023
2045,B,0,2023-05-07 05:42:00,5,2023
2046,B,1,2023-02-26 06:42:43,2,2023
2047,B,1,2023-05-09 18:43:29,5,2023
2048,B,1,2023-07-12 23:04:58,7,2023
2049,B,1,2023-09-05 07:27:11,9,2023
2050,B,1,2023-02-01 12:30:38,2,2023
2051,B,0,2023-11-15 10:12:25,11,2023
2052,B,1,2023-11-17 15:24:57,11,2023
2053,B,1,2023-09-10 13:43:15,9,2023
2054,B,0,2023-12-04 08:46:41,12,2023
2055,B,1,2023-06-06 04:48:24,6,2023
2056,B,1,2023-10-27 21:19:51,10,2023
2057,B,0,2023-09-23 10:51:39,9,2023
2058,B,1,2023-07-25 07:44:46,7,2023
2059,B,1,2023-03-07 12:27:55,3,2023
2060,B,1,2023-07-23 12:33:49,7,2023
2061,B,0,2023-11-25 23:49:19,11,2023
2062,B,1,2023-12-26 09:09:38,12,2023
2063,B,1,2023-06-13 13:03:50,6,2023
2064,B,1,2023-04-01 11:37:07,4,2023
2065,B,1,2023-09-30 20:10:04,9,2023
2066,B,0,2023-01-28 17:18:27,1,2023
2067,B,1,2023-02-25 03:34:31,2,2023
2068,B,0,2023-07-25 02:36:08,7,2023
2069,B,1,2023-12-28 10:10:49,12,2023
2070,B,1,2023-05-01 00:09:42,5,2023
2071,B,0,2023-06-11 19:31:08,6,2023
2072,B,1,2023-04-28 15:41:15,4,2023
2073,B,1,2023-06-10 18:49:06,6,2023
2074,B,0,2023-01-03 14:04:03,1,2023
2075,B,1,2023-08-06 01:46:12,8,2023
2076,B,1,2023-08-06 15:03:26,8,2023
2077,B,0,2023-04-26 04:20:06,4,2023
2078,B,1,2023-04-07 08:56:06,4,2023
2079,B,1,2023-10-05 23:39:31,10,2023
2080,B,1,2023-03-10 13:38:27,3,2023
2081,B,1,2023-01-18 04:18:27,1,2023
2082,B,1,2023-01-15 18:11:01,1,2023
2083,B,0,2023-11-18 20:09:43,11,2023
2084,B,1,2023-05-13 23:48:26,5,2023
2085,B,0,2023-02-07 04:03:02,2,2023
2086,B,1,2023-11-17 19:46:02,11,2023
2087,B,1,2023-02-24 05:56:12,2,2023
2088,B,1,2023-05-03 21:14:10,5,2023
2089,B,0,2023-01-08 13:13:19,1,2023
2090,B,1,2023-09-05 20:41:24,9,2023
2091,B,1,2023-09-13 05:52:34,9,2023
2092,B,0,2023-10-04 03:21:05,10,2023
2093,B,0,2023-04-07 00:15:46,4,2023
2094,B,1,2023-04-30 18:09:47,4,2023
2095,B,0,2023-12-09 09:55:48,12,2023
2096,B,1,2023-10-27 21:34:22,10,2023
2097,B,1,2023-01-14 13:29:41,1,2023
2098,B,1,2023-09-10 12:51:56,9,2023
2099,B,1,2023-10-24 15:36:02,10,2023
2100,B,1,2023-07-24 02:57:42,7,2023
2101,B,0,2023-08-22 13:35:05,8,2023
2102,B,1,2023-01-01 08:41:38,1,2023
2103,B,0,2023-01-11 23:15:32,1,2023
2104,B,0,2023-01-13 19:23:42,1,2023
2105,B,0,2023-02-28 00:38:08,2,2023
2106,B,0,2023-12-28 15:59:05,12,2023
2107,B,0,2023-08-20 12:56:11,8,2023
2108,B,0,2023-10-13 12:48:25,10,2023
2109,B,1,2023-04-18 21:19:29,4,2023
2110,B,1,2023-12-09 05:04:17,12,2023
2111,B,1,2023-03-14 14:29:34,3,2023
2112,B,1,2023-11-26 08:10:33,11,2023
2113,B,1,2023-01-12 05:45:24,1,2023
2114,B,0,2023-01-08 11:04:49,1,2023
2115,B,1,2023-01-29 19:08:23,1,2023
2116,B,0,2023-10-17 00:34:56,10,2023
2117,B,1,2023-04-04 23:40:33,4,2023
2118,B,1,2023-06-14 16:02:12,6,2023
2119,B,1,2023-06-22 00:42:06,6,2023
2120,B,1,2023-10-16 04:31:47,10,2023
2121,B,1,2023-05-08 06:54:34,5,2023
2122,B,1,2023-01-03 10:49:48,1,2023
2123,B,1,2023-05-22 01:32:19,5,2023
2124,B,1,2023-04-16 04:37:33,4,2023
2125,B,1,2023-09-24 18:30:20,9,2023
2126,B,1,2023-10-02 05:35:46,10,2023
2127,B,1,2023-02-03 13:33:00,2,2023
2128,B,1,2023-10-17 10:51:43,10,2023
2129,B,1,2023-01-26 17:30:32,1,2023
2130,B,1,2023-08-15 04:41:59,8,2023
2131,B,1,2023-05-23 02:07:24,5,2023
2132,B,0,2023-04-20 23:00:15,4,2023
2133,B,0,2023-06-26 08:42:37,6,2023
2134,B,0,2023-04-24 06:46:34,4,2023
2135,B,1,2023-10-17 18:14:43,10,2023
2136,B,1,2023-12-19 20:51:08,12,2023
2137,B,1,2023-10-25 18:24:03,10,2023
2138,B,0,2023-06-10 07:29:55,6,2023
2139,B,0,2023-07-03 16:46:40,7,2023
2140,B,0,2023-06-13 04:49:11,6,2023
2141,B,0,2023-10-17 15:24:57,10,2023
2142,B,1,2023-07-21 14:26:05,7,2023
2143,B,0,2023-06-20 20:46:31,6,2023
2144,B,0,2023-05-30 11:14:25,5,2023
2145,B,1,2023-05-17 21:23:55,5,2023
2146,B,0,2023-07-21 17:24:10,7,2023
2147,B,1,2023-09-09 11:35:55,9,2023
2148,B,0,2023-06-07 19:15:29,6,2023
2149,B,0,2023-10-22 10:21:12,10,2023
2150,B,1,2023-10-29 18:01:21,10,2023
2151,B,0,2023-06-06 14:43:37,6,2023
2152,B,1,2023-11-28 19:17:12,11,2023
2153,B,0,2023-03-05 03:50:35,3,2023
2154,B,0,2023-12-07 05:17:09,12,2023
2155,B,0,2023-04-18 08:19:00,4,2023
2156,B,0,2023-07-25 23:14:05,7,2023
2157,B,1,2023-04-14 12:11:55,4,2023
2158,B,1,2023-06-11 09:13:16,6,2023
2159,B,1,2023-05-05 02:56:21,5,2023
2160,B,1,2023-09-15 09:54:10,9,2023
2161,B,1,2023-01-30 15:13:15,1,2023
2162,B,1,2023-11-02 23:42:52,11,2023
2163,B,1,2023-11-26 21:41:09,11,2023
2164,B,1,2023-07-25 11:43:27,7,2023
2165,B,0,2023-07-19 18:07:39,7,2023
2166,B,1,2023-09-13 11:50:01,9,2023
2167,B,0,2023-03-14 15:53:26,3,2023
2168,B,1,2023-10-01 15:37:44,10,2023
2169,B,1,2023-03-21 19:34:29,3,2023
2170,B,1,2023-09-04 21:12:34,9,2023
2171,B,1,2023-04-22 12:51:48,4,2023
2172,B,1,2023-09-30 08:07:47,9,2023
2173,B,1,2023-10-16 17:39:44,10,2023
2174,B,1,2023-03-18 03:43:59,3,2023
2175,B,1,2023-08-14 08:43:40,8,2023
2176,B,0,2023-07-01 21:45:39,7,2023
2177,B,1,2023-04-18 07:47:31,4,2023
2178,B,0,2023-08-03 17:13:57,8,2023
2179,B,1,2023-12-29 07:43:59,12,2023
2180,B,0,2023-01-01 21:42:24,1,2023
2181,B,0,2023-12-16 06:14:06,12,2023
2182,B,0,2023-11-09 10:13:53,11,2023
2183,B,0,2023-07-13 05:18:47,7,2023
2184,B,1,2023-08-11 15:48:52,8,2023
2185,B,1,2023-05-15 18:06:52,5,2023
2186,B,1,2023-02-17 03:14:03,2,2023
2187,B,0,2023-07-28 14:07:52,7,2023
2188,B,0,2023-10-25 23:17:16,10,2023
2189,B,1,2023-03-26 08:30:45,3,2023
2190,B,0,2023-09-19 17:25:08,9,2023
2191,B,1,2023-10-01 00:56:08,10,2023
2192,B,0,2023-10-04 18:42:14,10,2023
2193,B,0,2023-05-05 02:24:01,5,2023
2194,B,1,2023-05-24 02:17:31,5,2023
2195,B,0,2023-06-01 22:01:08,6,2023
2196,B,0,2023-11-08 18:48:50,11,2023
2197,B,1,2023-11-25 15:56:30,11,2023
2198,B,1,2023-06-01 02:52:53,6,2023
2199,B,1,2023-12-21 01:00:00,12,2023
2200,B,0,2023-07-28 05:39:36,7,2023
2201,B,1,2023-05-21 13:06:23,5,2023
2202,B,0,2023-01-01 05:37:35,1,2023
2203,B,0,2023-08-12 01:01:30,8,2023
2204,B,1,2023-08-24 09:05:18,8,2023
2205,B,1,2023-12-20 11:01:50,12,2023
2206,B,0,2023-09-20 03:13:11,9,2023
2207,B,0,2023-01-11 19:56:47,1,2023
2208,B,1,2023-07-26 23:52:40,7,2023
2209,B,1,2023-09-29 02:44:22,9,2023
2210,B,1,2023-07-01 05:51:18,7,2023
2211,B,0,2023-06-06 17:06:59,6,2023
2212,B,1,2023-10-23 15:02:36,10,2023
2213,B,0,2023-08-12 03:36:59,8,2023
2214,B,1,2023-09-06 16:49:30,9,2023
2215,B,0,2023-06-19 09:33:07,6,2023
2216,B,1,2023-04-12 11:55:42,4,2023
2217,B,1,2023-07-09 11:14:15,7,2023
2218,B,0,2023-12-17 01:28:56,12,2023
2219,B,0,2023-08-08 23:23:24,8,2023
2220,B,1,2023-09-16 03:39:38,9,2023
2221,B,1,2023-02-15 07:24:17,2,2023
2222,B,1,2023-12-27 14:20:42,12,2023
2223,B,1,2023-03-31 07:35:41,3,2023
2224,B,1,2023-12-21 12:14:56,12,2023
2225,B,0,2023-06-12 16:52:11,6,2023
2226,B,1,2023-12-02 09:38:57,12,2023
2227,B,0,2023-11-22 12:16:27,11,2023
2228,B,1,2023-10-03 17:03:16,10,2023
2229,B,1,2023-12-01 11:43:52,12,2023
2230,B,0,2023-08-11 10:36:04,8,2023
2231,B,1,2023-11-06 19:15:55,11,2023
2232,B,0,2023-03-04 20:12:54,3,2023
2233,B,1,2023-01-26 15:41:23,1,2023
2234,B,0,2023-07-18 07:45:30,7,2023
2235,B,0,2023-10-23 14:15:46,10,2023
2236,B,0,2023-10-07 08:41:54,10,2023
2237,B,1,2023-07-12 16:21:53,7,2023
2238,B,1,2023-07-10 02:42:31,7,2023
2239,B,1,2023-08-11 14:14:27,8,2023
2240,B,1,2023-11-13 21:46:29,11,2023
2241,B,1,2023-11-04 06:18:59,11,2023
2242,B,1,2023-02-10 00:35:08,2,2023
2243,B,1,2023-08-06 10:41:33,8,2023
2244,B,1,2023-05-20 01:02:14,5,2023
2245,B,1,2023-10-19 18:51:05,10,2023
2246,B,1,2023-07-04 16:14:53,7,2023
2247,B,1,2023-12-28 20:09:59,12,2023
2248,B,0,2023-06-07 19:10:10,6,2023
2249,B,1,2023-09-05 21:00:41,9,2023
2250,B,1,2023-02-09 15:13:05,2,2023
2251,B,1,2023-12-07 07:28:29,12,2023
2252,B,0,2023-02-26 00:54:28,2,2023
2253,B,1,2023-05-19 02:32:12,5,2023
2254,B,0,2023-11-02 17:31:38,11,2023
2255,B,0,2023-12-20 02:35:30,12,2023
2256,B,1,2023-06-26 19:12:21,6,2023
2257,B,0,2023-06-26 22:09:22,6,2023
2258,B,0,2023-01-18 18:48:30,1,2023
2259,B,1,2023-12-24 06:55:45,12,2023
2260,B,1,2023-01-07 00:27:48,1,2023
2261,B,0,2023-01-10 12:30:50,1,2023
2262,B,0,2023-06-22 19:38:40,6,2023
2263,B,1,2023-01-02 07:49:32,1,2023
2264,B,1,2023-03-01 23:57:27,3,2023
2265,B,0,2023-08-18 02:49:35,8,2023
2266,B,1,2023-09-15 08:54:11,9,2023
2267,B,0,2023-04-19 19:59:58,4,2023
2268,B,1,2023-10-18 07:02:00,10,2023
2269,B,0,2023-08-10 19:35:13,8,2023
2270,B,0,2023-03-25 07:52:44,3,2023
2271,B,0,2023-09-18 01:00:04,9,2023
2272,B,0,2023-08-05 03:28:12,8,2023
2273,B,0,2023-10-24 10:06:22,10,2023
2274,B,0,2023-02-26 08:56:06,2,2023
2275,B,0,2023-03-26 06:17:15,3,2023
2276,B,1,2023-04-21 19:23:02,4,2023
2277,B,0,2023-05-05 14:47:40,5,2023
2278,B,1,2023-11-21 09:50:54,11,2023
2279,B,0,2023-09-25 09:03:48,9,2023
2280,B,0,2023-07-18 14:17:57,7,2023
2281,B,1,2023-07-17 06:22:31,7,2023
2282,B,1,2023-11-20 08:23:05,11,2023
2283,B,1,2023-06-13 01:55:22,6,2023
2284,B,0,2023-03-24 05:10:14,3,2023
2285,B,1,2023-05-01 11:00:47,5,2023
2286,B,1,2023-08-27 10:50:59,8,2023
2287,B,0,2023-06-21 21:32:26,6,2023
2288,B,0,2023-06-03 22:48:56,6,2023
2289,B,1,2023-06-25 05:30:05,6,2023
2290,B,1,2023-12-22 19:54:11,12,2023
2291,B,0,2023-12-31 03:23:46,12,2023
2292,B,0,2023-02-28 20:55:19,2,2023
2293,B,0,2023-02-11 18:32:27,2,2023
2294,B,1,2023-03-31 04:08:27,3,2023
2295,B,1,2023-11-07 23:12:49,11,2023
2296,B,1,2023-06-17 17:21:12,6,2023
2297,B,0,2023-11-12 05:51:16,11,2023
2298,B,1,2023-08-25 01:32:22,8,2023
2299,B,1,2023-07-21 22:01:12,7,2023
2300,B,0,2023-04-13 18:04:12,4,2023
2301,B,0,2023-05-06 13:45:56,5,2023
2302,B,0,2023-02-23 22:00:25,2,2023
2303,B,1,2023-07-09 12:25:14,7,2023
2304,B,1,2023-04-13 08:04:22,4,2023
2305,B,1,2023-04-17 18:01:01,4,2023
2306,B,1,2023-01-15 10:25:50,1,2023
2307,B,1,2023-10-19 16:10:52,10,2023
2308,B,1,2023-12-09 19:55:51,12,2023
2309,B,0,2023-07-01 20:55:31,7,2023
2310,B,0,2023-07-15 15:38:32,7,2023
2311,B,0,2023-12-04 22:22:38,12,2023
2312,B,1,2023-07-06 16:35:18,7,2023
2313,B,1,2023-08-16 06:46:34,8,2023
2314,B,1,2023-06-06 06:06:54,6,2023
2315,B,1,2023-07-07 17:26:14,7,2023
2316,B,1,2023-07-10 11:31:49,7,2023
2317,B,1,2023-09-17 12:58:03,9,2023
2318,B,0,2023-08-09 12:40:56,8,2023
2319,B,1,2023-07-03 22:27:09,7,2023
2320,B,0,2023-01-28 16:22:22,1,2023
2321,B,1,2023-11-27 03:28:32,11,2023
2322,B,1,2023-11-21 05:19:15,11,2023
2323,B,1,2023-03-09 07:44:47,3,2023
2324,B,1,2023-04-18 01:24:38,4,2023
2325,B,1,2023-12-22 06:32:04,12,2023
2326,B,0,2023-04-28 04:30:19,4,2023
2327,B,1,2023-10-24 10:47:21,10,2023
2328,B,1,2023-10-14 19:09:24,10,2023
2329,B,0,2023-11-11 04:01:27,11,2023
2330,B,1,2023-01-06 20:10:00,1,2023
2331,B,0,2023-06-26 06:16:21,6,2023
2332,B,1,2023-07-26 09:52:42,7,2023
2333,B,0,2023-11-02 13:53:08,11,2023
2334,B,1,2023-03-23 22:19:56,3,2023
2335,B,1,2023-04-22 23:20:27,4,2023
2336,B,0,2023-03-07 15:55:47,3,2023
2337,B,0,2023-10-06 02:39:57,10,2023
2338,B,1,2023-12-31 14:07:23,12,2023
2339,B,0,2023-02-21 06:20:36,2,2023
2340,B,1,2023-03-27 02:05:28,3,2023
2341,B,1,2023-04-23 01:46:29,4,2023
2342,B,1,2023-11-21 11:54:16,11,2023
2343,B,0,2023-06-12 16:37:05,6,2023
2344,B,1,2023-04-13 21:45:07,4,2023
2345,B,0,2023-04-28 15:31:14,4,2023
2346,B,1,2023-08-07 07:31:30,8,2023
2347,B,0,2023-05-22 06:16:11,5,2023
2348,B,0,2023-02-21 05:59:26,2,2023
2349,B,1,2023-10-27 08:07:03,10,2023
2350,B,1,2023-06-04 02:45:49,6,2023
2351,B,1,2023-04-04 16:28:50,4,2023
2352,B,0,2023-09-23 21:04:50,9,2023
2353,B,1,2023-09-30 00:39:47,9,2023
2354,B,1,2023-02-26 14:07:10,2,2023
2355,B,1,2023-01-27 21:43:03,1,2023
2356,B,0,2023-01-17 13:49:38,1,2023
2357,B,1,2023-10-07 11:52:28,10,2023
2358,B,1,2023-08-17 09:29:44,8,2023
2359,B,0,2023-10-17 02:07:24,10,2023
2360,B,1,2023-08-17 15:19:19,8,2023
2361,B,0,2023-05-27 14:52:52,5,2023
2362,B,1,2023-08-04 04:31:12,8,2023
2363,B,1,2023-09-21 16:54:20,9,2023
2364,B,0,2023-05-26 13:52:52,5,2023
2365,B,0,2023-12-01 00:36:44,12,2023
2366,B,0,2023-11-25 08:33:01,11,2023
2367,B,1,2023-10-20 06:14:44,10,2023
2368,B,1,2023-12-29 04:15:21,12,2023
2369,B,1,2023-05-23 12:18:41,5,2023
2370,B,1,2023-02-11 15:34:06,2,2023
2371,B,1,2023-06-26 17:42:37,6,2023
2372,B,1,2023-09-30 05:59:38,9,2023
2373,B,1,2023-10-12 11:10:19,10,2023
2374,B,1,2023-05-22 19:25:56,5,2023
2375,B,1,2023-04-17 19:07:42,4,2023
2376,B,1,2023-06-12 14:20:28,6,2023
2377,B,0,2023-10-21 10:00:46,10,2023
2378,B,0,2023-01-23 02:49:29,1,2023
2379,B,1,2023-04-30 17:54:11,4,2023
2380,B,0,2023-03-25 21:44:59,3,2023
2381,B,0,2023-10-22 04:28:39,10,2023
2382,B,1,2023-06-21 10:12:10,6,2023
2383,B,1,2023-02-01 16:22:18,2,2023
2384,B,1,2023-04-06 13:15:12,4,2023
2385,B,1,2023-01-17 04:55:13,1,2023
2386,B,0,2023-06-23 13:52:14,6,2023
2387,B,0,2023-12-31 03:38:12,12,2023
2388,B,1,2023-07-27 00:56:48,7,2023
2389,B,0,2023-11-14 08:26:39,11,2023
2390,B,1,2023-09-29 01:06:35,9,2023
2391,B,0,2023-11-19 05:44:38,11,2023
2392,B,0,2023-04-24 12:29:52,4,2023
2393,B,1,2023-12-14 05:12:44,12,2023
2394,B,1,2023-03-29 02:30:30,3,2023
2395,B,0,2023-06-09 23:39:03,6,2023
2396,B,0,2023-09-06 15:57:32,9,2023
2397,B,1,2023-04-15 16:40:46,4,2023
2398,B,1,2023-04-07 12:38:19,4,2023
2399,B,1,2023-02-17 11:01:08,2,2023
2400,B,0,2023-01-02 12:48:38,1,2023
