Month,Group,count,sum,mean
1,A,87,44,0.5057471264367817
1,B,121,70,0.5785123966942148
2,A,93,49,0.5268817204301075
2,B,98,55,0.5612244897959183
3,A,110,51,0.4636363636363636
3,B,93,51,0.5483870967741935
4,A,91,44,0.4835164835164835
4,B,117,73,0.6239316239316239
5,A,105,47,0.44761904761904764
5,B,90,61,0.6777777777777778
6,A,80,52,0.65
6,B,102,53,0.5196078431372549
7,A,125,59,0.472
7,B,105,56,0.5333333333333333
8,A,105,51,0.4857142857142857
8,B,95,46,0.4842105263157895
9,A,97,46,0.4742268041237113
9,B,95,66,0.6947368421052632
10,A,105,54,0.5142857142857142
10,B,102,54,0.5294117647058824
11,A,104,51,0.49038461538461536
11,B,86,44,0.5116279069767442
12,A,98,50,0.5102040816326531
12,B,96,57,0.59375
