Строка,Факт,Линейная регрессия,Случайный лес,Ошибка_линейной
110,75.04,83.85525182457826,82.6056421006771,-8.815251824578255
419,82.87,96.72831752490495,99.46476683788426,-13.858317524904948
565,78.13,83.36068484332934,81.66839130772004,-5.2306848433293425
77,92.28,101.25636923231339,99.20155368561993,-8.976369232313388
181,92.24,83.35824530283928,82.5699540710678,8.881754697160716
284,80.64,83.31607302775647,83.11289601454102,-2.6760730277564733
10,97.86,107.16874721936597,106.77452221528472,-9.30874721936597
469,72.36,81.42082168697372,83.73048808094687,-9.060821686973725
78,89.72,72.67718985474744,70.08419012987012,17.04281014525256
349,65.28,79.05454451869885,81.90491091020085,-13.774544518698846
55,94.19,88.28772870359087,94.02465106726603,5.9022712964091255
118,87.82,98.5277167450862,100.15904342338217,-10.707716745086202
109,103.67,108.0308011694898,102.4178822059885,-4.360801169489804
588,67.87,78.42411539005,79.60903400072151,-10.55411539005
369,101.74,96.04265421284187,91.70508577117329,5.6973457871581275
234,111.17,115.65945857417172,116.29098742784996,-4.489458574171721
30,105.37,96.87407338186817,94.15348942460318,8.495926618131833
212,122.21,120.06154804074312,116.40249720321343,2.1484519592568745
184,81.48,92.05510307120831,91.59743815934067,-10.575103071208304
86,93.4,90.492748566081,96.92949162101787,2.9072514339190008
2,129.13,113.48562807719046,118.04883829711956,15.64437192280954
587,55.79,60.289623105723834,64.37498076479075,-4.499623105723835
535,109.21,103.89147359182608,104.46474438852812,5.318526408173909
596,90.12,79.87125799497174,74.24623921522917,10.248742005028262
368,87.91,93.93236869941626,95.22693203948829,-6.022368699416262
539,103.29,100.1287010129831,101.9968326155789,3.161298987016906
72,95.72,111.9313208518114,114.26367775072153,-16.211320851811408
135,75.72,86.10529634244999,87.16950875638251,-10.38529634244999
556,112.12,106.50179827815573,106.68447918414923,5.618201721844272
437,64.45,82.17267836547516,77.88138116647241,-17.72267836547516
595,57.6,67.24839593936986,65.2203162812188,-9.648395939369856
163,84.37,89.35409743717678,81.67394324300696,-4.9840974371767715
82,87.81,94.2080569490523,90.16274431388054,-6.398056949052304
257,87.99,87.35544278537985,93.12540730561108,0.6345572146201448
192,112.12,112.81136051451004,114.12247158008657,-0.6913605145100377
453,57.43,52.25709446720869,52.68365778013654,5.172905532791312
132,89.62,96.52042170286602,97.55360313075813,-6.900421702866012
515,115.1,117.59182283819088,106.37336098845596,-2.4918228381908847
441,76.22,71.48232231849505,69.62932063672443,4.737677681504948
275,82.4,81.89238832706467,83.09075017676766,0.5076116729353402
364,34.49,49.20050747483306,48.2666120550283,-14.710507474833058
29,82.27,87.38635485868303,82.40765315517814,-5.116354858683039
506,64.38,66.74062530518685,62.3279036080586,-2.3606253051868578
570,115.07,109.7877122961189,105.64680136663169,5.282287703881096
24,81.55,76.58544099834798,76.65033180708181,4.96455900165202
182,95.32,94.29609435884802,92.11676587481965,1.0239056411519698
473,116.86,109.98603022706386,108.79819259990009,6.873969772936135
104,71.66,73.6906074010927,73.28792926601177,-2.030607401092709
63,70.92,85.93301140382809,84.95183981782111,-15.013011403828088
490,90.88,96.00075922996474,95.35736318001443,-5.120759229964747
245,72.15,75.54703493642708,75.94654840478964,-3.397034936427076
248,101.64,99.24613856026754,99.72679189851814,2.3938614397324613
101,78.52,70.28023318211184,78.46749563131313,8.239766817888153
555,144.12,129.04291472003774,128.05867583333335,15.077085279962262
591,86.63,81.82630678167953,83.48765017857146,4.803693218320461
356,93.64,89.98263541274733,94.82520539044279,3.6573645872526725
209,108.78,114.2430924949501,112.22575454545458,-5.463092494950104
165,82.42,81.358088611223,85.40604396645023,1.0619113887770055
137,84.51,89.79732709205766,84.13548639083137,-5.287327092057652
195,90.88,79.64293691986796,77.47299665369356,11.237063080132032
76,86.1,76.72663359280041,79.76211939380065,9.373366407199583
176,121.17,119.05442836567046,107.57591029881063,2.115571634329541
329,129.3,119.310007180711,119.35289204004336,9.989992819289014
536,89.2,85.41544408142117,92.61703962343208,3.784555918578832
548,80.66,90.32276762034611,93.1585284722222,-9.662767620346116
70,161.79,152.43643877113652,136.10933781385282,9.35356122886347
561,79.32,83.5303499705949,86.52134249569873,-4.210349970594905
589,65.95,72.56262336329307,75.65619370490619,-6.612623363293068
81,84.0,96.76501760833263,91.50847542388165,-12.765017608332627
316,112.49,121.91329053777615,109.70510285292319,-9.423290537776154
304,60.19,68.8476307987911,65.85310195526694,-8.657630798791104
6,83.67,88.53535726022254,93.76345175865795,-4.865357260222538
423,65.04,77.60322776452523,75.79531359876232,-12.563227764525223
374,104.18,98.58121631973863,94.23429376443006,5.598783680261377
429,112.13,109.55319037108191,110.81074267218888,2.5768096289180846
537,80.27,70.96489054369118,66.67299373015877,9.305109456308813
312,53.81,59.57102101967623,59.682671143578645,-5.761021019676228
238,109.21,119.25002946391967,113.21554514332891,-10.04002946391968
559,114.17,111.80120818827231,116.31046816197693,2.3687918117276894
432,31.56,42.872779255037706,45.652616336580124,-11.312779255037707
286,79.3,73.64920850755118,76.30374364898988,5.650791492448818
426,57.3,59.414695092947795,65.82916598304472,-2.114695092947798
598,85.73,82.18923048804365,91.1138727183927,3.5407695119563556
361,136.66,128.88576311369184,120.96649635101005,7.7742368863081595
73,61.14,54.61347792592025,59.90578300324674,6.52652207407975
39,124.77,132.16983070183994,120.18683485750361,-7.399830701839946
155,112.23,112.98070982330626,114.3138969083694,-0.7507098233062521
218,73.13,75.09864890836039,71.13253578282824,-1.968648908360393
370,71.78,63.408627355380844,67.85429235389611,8.371372644619157
210,78.69,75.26583596887221,73.99173382395382,3.4241640311277877
235,73.22,85.18593678496737,83.93070028332782,-11.965936784967369
546,78.57,73.52112254469341,70.54654973845598,5.048877455306581
60,72.18,77.86897758133475,77.33369695110441,-5.68897758133474
300,83.23,68.17364052831635,66.30625583513714,15.056359471683649
259,59.31,57.03991308185272,64.06989300685424,2.2700869181472854
280,84.6,94.60116407044154,90.2307422907648,-10.001164070441547
228,108.28,112.39953902226794,108.72105157162282,-4.1195390222679436
11,101.72,111.6111178079419,116.07743724927849,-9.891117807941896
412,69.58,71.00890924858905,75.26839458694081,-1.4289092485890507
83,141.98,128.54012018817428,120.93814575382957,13.439879811825705
90,106.05,119.3179189128562,117.77516575202576,-13.267918912856203
208,70.23,59.20638643110013,63.91622542929294,11.023613568899876
538,66.05,63.900438977670376,66.02018684884563,2.149561022329621
335,73.74,73.13303005188737,77.59495696969697,0.6069699481126207
79,109.02,115.70863365225537,106.03823340126371,-6.688633652255376
434,129.3,120.78391143623386,116.76443096139978,8.516088563766147
140,130.22,126.97758541218069,126.135139478577,3.2424145878193116
281,94.93,95.50162898620503,92.70737162878791,-0.5716289862050274
268,119.37,108.89515911250062,109.30066245226992,10.474840887499383
414,101.48,93.48457578202459,96.32294785839161,7.995424217975412
199,62.46,74.42172300805996,79.24919164682542,-11.961723008059955
464,53.35,60.93514084338546,66.90850750541122,-7.58514084338546
575,63.8,66.3849083992397,65.5341463708514,-2.5849083992397084
584,72.63,64.27270800618601,65.76743952561331,8.357291993813988
371,131.52,119.04610379371653,111.98953261988012,12.473896206283484
399,95.86,100.45429299898088,97.80696822580192,-4.594292998980876
340,46.38,47.66888477214267,49.565302137445904,-1.2888847721426657
148,68.35,69.17322278478886,81.0819471037296,-0.823222784788868
494,99.8,98.82658560674652,91.98829191489067,0.9734143932534778
439,87.2,91.48156671010952,89.30828320887441,-4.281566710109516
